title,region,country,score,ind_0,ind_1,ind_2,rank_0,rank_1,rank_2
麻省理工学院,North America,United States,100,100,100,100,5,4,5
剑桥大学,Europe,United Kingdom,98.8,100,100,92.3,2,2,55
斯坦福大学,North America,United States,98.5,100,100,99.9,4,5,9
牛津大学,Europe,United Kingdom,98.4,100,100,90,3,3,64
哈佛大学,North America,United States,97.6,100,100,100,1,1,2
加州理工大学（Caltech),North America,United States,97,96.5,87.1,100,28,58,4
帝国理工学院,Europe,United Kingdom,97,98.3,99.7,86.5,24,10,84
伦敦大学学院,Europe,United Kingdom,95,99.4,98.6,77,14,16,119
苏黎世联邦理工大学（瑞士联邦理工学院）,Europe,Switzerland,93.6,98.6,91.3,99.2,18,51,18
芝加哥大学,North America,United States,93.2,99.2,92.2,86.8,16,46,79
新加坡国立大学,Asia,Singapore,92.7,99.5,94.1,91.8,13,36,58
北京大学,Asia,China (Mainland),91.3,99.3,96.5,96.7,15,28,34
宾夕法尼亚大学,North America,United States,90.6,96.5,92.5,70.9,29,45,142
清华大学,Asia,China (Mainland),90.1,98.9,97.7,98.1,17,23,24
爱丁堡大学,Europe,United Kingdom,89.5,98,97.2,70.1,26,24,149
洛桑联邦理工学院（EPFL),Europe,Switzerland,89.2,83.7,71.8,99.4,59,93,15
普林斯顿大学,North America,United States,89.2,99.9,98.9,100,10,14,3
耶鲁大学,North America,United States,89,99.9,100,51.5,9,7,249
南洋理工大学,Asia,Singapore,88.4,90.4,76.1,94.1,42,81,49
康奈尔大学,North America,United States,87.2,98.3,91.4,99.3,23,50,17
香港大学（HKU）,Asia,Hong Kong SAR,87,97.4,62.9,72.6,27,119,131
哥伦比亚大学,North America,United States,86.7,99.7,98.1,47.2,11,20,282
东京大学,Asia,Japan,85.3,100,99.7,73.3,7,9,128
约翰霍普金斯大学,North America,United States,85.1,87.9,47.2,87.3,49,198,76
密歇根大学,North America,United States,84.4,98.5,91.3,62.5,22,52,190
 巴黎科学艺术人文大学,Europe,France,83.8,74.4,97,84.1,78,25,96
加州大学伯克利分校,North America,United States,82.7,100,100,99.9,6,6,10
曼彻斯特大学,Europe,United Kingdom,82.3,95.1,97.7,59,33,22,207
首尔国立大学,Asia,South Korea,82.2,98.6,97.8,70.3,19,21,147
澳大利亚国立大学（ANU),Oceania,Australia,82.1,93.6,70.1,99.3,35,95,16
麦吉尔大学,North America,Canada,81.9,93.3,93.6,59.6,36,39,203
西北大学,North America,United States,81.8,84.4,71.9,84.2,56,92,95
墨尔本大学,Oceania,Australia,81.6,98.6,94.9,95,20,34,45
复旦大学,Asia,China (Mainland),81.5,83.6,93.5,70.4,60,40,146
多伦多大学,North America,Canada,81.5,99.6,98.3,43.5,12,18,313
京都大学,Asia,Japan,81.4,98.6,98.9,54.2,21,15,234
伦敦国王学院,Europe,United Kingdom,81.2,88.8,83.2,60.5,47,66,198
香港中文大学,Asia,Hong Kong SAR,80.6,87.3,49.6,92.9,51,177,53
纽约大学（NYU）,North America,United States,80.3,95.9,99,28.9,32,13,440
香港科技大学（HKUST),Asia,Hong Kong SAR,79.8,82,50.1,98.6,64,172,20
悉尼大学,Oceania,Australia,79.6,96.2,91.7,92.1,30,49,56
韩国科学技术研究所,Asia,South Korea,79.3,88.1,85.8,97.7,48,60,27
浙江大学,Asia,China (Mainland),79.3,72.2,95.3,88.4,82,31,72
加州大学洛杉矶分校,North America,United States,78.7,100,99.9,85.9,8,8,87
新南威尔士大学（UNSW）,Oceania,Australia,78,89,91.1,97.6,46,53,28
上海交通大学,Asia,China (Mainland),77.4,82.7,90.2,97.1,61,54,31
不列颠哥伦比亚大学,North America,Canada,77,98,95.4,42.1,25,30,332
巴黎理工学院,Europe,France,76.8,45.3,99.4,93.9,180,11,50
慕尼黑工业大学,Europe,Germany,76.4,84,96.8,25.8,57,26,482
杜克大学,North America,United States,74.8,86.1,79.8,41.2,53,71,345
昆士兰大学（UQ）,Oceania,Australia,74.8,86.6,75.6,90.8,52,83,62
卡内基梅隆大学,North America,United States,74.6,72.1,69,100,83,101,8
加州大学圣地亚哥分校,North America,United States,74.5,90,61.6,77,45,123,118
香港城市大学,Asia,Hong Kong SAR,73.6,57.3,29.4,98.1,130,328,25
东京工业大学,Asia,Japan,72.5,74.1,93.4,65.9,80,42,168
伦敦经济政治学院,Europe,United Kingdom,72.3,69,98.3,84.6,91,17,93
蒙纳士大学,Oceania,Australia,71.6,87.6,80.8,79.3,50,68,113
阿姆斯特丹大学,Europe,Netherlands,71.1,82.7,42.3,97.3,62,223,29
路德维希 - 马克西米利安 - 慕尼黑大学,Europe,Germany,70.4,92.6,75.7,45.5,37,82,296
索邦大学,Europe,France,70.1,90,41.7,86.3,44,225,86
代尔夫特理工大学,Europe,Netherlands,70,71.6,80.2,84.4,87,69,94
布里斯托大学,Europe,United Kingdom,70,74.4,84.1,55.3,79,64,225
布朗大学,North America,United States,69.6,57.6,54.2,89.9,128,154,65
华威大学,Europe,United Kingdom,69.1,71.8,89.3,63.1,85,55,186
鲁普莱希特-卡尔斯-海德堡大学,Europe,Germany,69,78.7,40.3,41.1,72,230,346
香港理工大学,Asia,Hong Kong SAR,69,66.1,37,68.9,99,257,151
布宜诺斯艾利斯大学,Latin America,Argentina,68.9,92.3,94,1.8,39,37,1145
大阪大学,Asia,Japan,68.2,80.2,85.4,59.1,68,61,206
巴黎萨克雷大学,Europe,France,68.1,57.2,99.2,49.5,131,12,266
马来亚大学（UM）,Asia,Malaysia,67.9,79.6,94.9,39.4,70,35,355
浦项科技大学,Asia,South Korea,67.7,47.4,69.4,98,169,98,26
德克萨斯大学奥斯汀分校,North America,United States,67.4,93.7,85.2,90.9,34,62,61
延世大学,Asia,South Korea,67,75.5,95.5,28.4,76,29,448
高丽大学,Asia,South Korea,66.9,79.3,93.9,29.5,71,38,433
罗蒙诺索夫莫斯科国立大学,Europe,Russia,66.8,80.5,77,5.3,67,78,836
鲁汶大学,Europe,Belgium,66,83.8,53,92.7,58,156,54
台湾大学,Asia,Taiwan,65.7,92.3,92.6,49.7,38,44,262
南安普敦大学,Europe,United Kingdom,65,50.7,56.6,82.7,153,140,100
东北大学,Asia,Japan,64.9,71.8,78.1,34.2,86,75,401
华盛顿大学,North America,United States,64.7,84.8,48.6,100,55,183,7
格拉斯哥大学,Europe,United Kingdom,64.6,75.1,75.1,34.7,77,85,394
哥本哈根大学,Europe,Denmark,64.1,72.8,36.6,26,81,261,476
威斯康星大学麦迪逊分校,North America,United States,63.7,82.4,48.1,41.9,63,188,333
苏黎世大学,Europe,Switzerland,63.7,58,39.2,49.3,124,238,268
伊利诺伊大学香槟分校,North America,United States,63.6,85.6,60.9,88.7,54,126,71
利兹大学,Europe,United Kingdom,62.8,70.2,78.4,47.8,88,74,276
奥克兰大学,Oceania,New Zealand,62.7,81.5,48.3,54.1,65,186,235
乔治亚理工学院(Georgia Tech),North America,United States,62.3,67.7,77,95.5,97,77,44
皇家理工学院,Europe,Sweden,62.1,45.8,58.2,76.4,178,136,123
西澳大学（UWA）,Oceania,Australia,61.7,55.6,49.9,98.9,137,175,19
伯明翰大学,Europe,United Kingdom,61.1,66,74.7,45.9,100,86,295
杜伦大学,Europe,United Kingdom,60.9,57.9,89.2,65.7,125,56,174
宾夕法尼亚州立大学,North America,United States,60.8,76.7,69.8,67.7,75,97,162
中国科学技术大学,Asia,China (Mainland),60.7,51.6,12.4,99.9,147,1292,12
隆德大学,Europe,Sweden,60.1,68.8,50.9,41.4,92,163,341
谢菲尔德大学,Europe,United Kingdom,59.5,58.7,53.5,46.9,122,155,284
圣安德鲁斯大学,Europe,United Kingdom,59.5,46.2,67.6,58.9,175,106,209
都柏林三一学院,Europe,Ireland,59.1,67.9,48.2,60.2,95,187,199
成均馆大学,Asia,South Korea,58.9,60.2,72.7,37.8,115,90,368
赖斯大学,North America,United States,58.8,38.8,26.1,86.7,218,366,82
奥斯陆大学,Europe,Norway,58.7,54.9,14.5,62.7,141,1265,187
加州大学戴维斯分校,North America,United States,58.2,64.8,51,68.7,105,162,153
北卡罗来纳大学教堂山,North America,United States,58.2,65.5,44.7,46.6,102,210,287
丹麦技术大学,Europe,Denmark,58,30.9,23.4,70.8,273,411,143
墨西哥国立自治大学,Latin America,Mexico,58,96,95.1,2.9,31,32,1102
阿卜杜勒·阿齐兹国王大学（KAU）,Asia,Saudi Arabia,57.8,48.4,70.7,50.6,167,94,256
赫尔辛基大学,Europe,Finland,57.8,65.3,44.6,49.8,103,212,261
波士顿大学,North America,United States,57.2,62.3,57.2,61.6,110,139,195
阿德莱德大学,Oceania,Australia,57,52.3,35.2,94.5,146,279,46
阿尔伯塔大学,North America,Canada,56.9,55.1,48.9,53.9,139,181,237
里昂高等师范学院,Europe,France,56.6,31.8,12.6,96.4,265,1421,36
名古屋大学,Asia,Japan,56.3,59.8,54.3,33.9,117,153,403
乌得勒支大学,Europe,Netherlands,56.3,65.8,26.6,79.6,101,361,112
诺丁汉大学,Europe,United Kingdom,56.2,59,75.3,45.2,120,84,298
圣保罗大学,Latin America,Brazil,56.1,91.8,69.9,40.6,41,96,348
阿尔托大学,Europe,Finland,55.9,44.5,45.8,89.3,187,207,68
蒙特利尔大学,North America,Canada,55.9,57.4,47.2,27.6,129,197,455
柏林自由大学,Europe,Germany,55.8,80.7,44.9,63.5,66,209,183
华盛顿大学在圣路易斯,North America,United States,55.8,40.1,15.3,55.6,210,1398,221
伯尔尼大学,Europe,Switzerland,55.7,30.3,35.5,98.3,283,277,22
智利天主教大学,Latin America,Chile,54.9,91.8,98.1,12.5,40,19,918
纽卡斯尔大学,Europe,United Kingdom,54.8,46.2,83.8,58.9,176,65,211
马来西亚博特拉大学（UPM）,Asia,Malaysia,54.7,56.8,59.2,19.5,132,130,565
瓦赫宁根大学,Europe,Netherlands,54.6,42.8,17,48.2,193,1395,275
查尔姆斯理工大学,Europe,Sweden,54.5,27.9,60.7,81.6,305,128,104
伦敦大学皇后玛丽学院（QMUL）,Europe,United Kingdom,54.5,48.9,36.2,62.6,163,267,188
日内瓦大学,Europe,Switzerland,54.5,46.5,20,74,174,463,127
乌普萨拉大学,Europe,Sweden,54.3,63.6,27.4,43.4,107,351,314
普渡大学,North America,United States,54.2,62.7,73.1,70.9,109,88,141
马来西亚国民大学（UKM）,Asia,Malaysia,54.2,57.9,62,9.4,126,122,1241
柏林洪堡大学,Europe,Germany,54.1,90.1,55.6,29.5,43,144,434
莱顿大学,Europe,Netherlands,54.1,68.1,23.4,65.8,94,409,169
南京大学,Asia,China (Mainland),53.9,57.7,17.7,96.1,127,789,39
南加州大学,North America,United States,53.7,54.6,59.1,71.7,142,131,138
九州大学,Asia,Japan,53.5,56.6,65,26.8,133,113,466
巴塞尔大学,Europe,Switzerland,53.3,28,26.8,95.7,304,357,43
悉尼科技大学（UTS）,Oceania,Australia,53.2,41.8,66.1,90.4,199,110,63
埃因霍芬理工大学,Europe,Netherlands,52.7,28.9,72.8,78.2,296,89,116
米兰理工大学,Europe,Italy,52.4,67.8,76.8,53.5,96,80,239
俄亥俄州立大学,North America,United States,52,61.1,62.2,34.6,113,121,396
北海道大学,Asia,Japan,51.9,55.6,60.7,30,136,127,430
卡尔斯鲁厄理工学院,Europe,Germany,51.9,44.7,67.7,72,185,105,133
根特大学,Europe,Belgium,51.6,54,30.1,26.9,144,323,465
马来西亚理科大学（USM）,Asia,Malaysia,51.6,59.7,66.6,13.4,118,108,1248
格罗宁根大学,Europe,Netherlands,51.4,51.6,21.6,42.2,148,431,330
兰卡斯特大学,Europe,United Kingdom,51.2,39.6,30,82.2,215,325,103
亚琛工业大学,Europe,Germany,51.1,49.5,88.7,73.3,157,57,129
罗切斯特大学,North America,United States,51.1,23.8,20.1,55,356,459,230
加州大学圣芭芭拉分校,North America,United States,50.9,55.9,24,97.2,135,399,30
哈拉克国立大学,Asia,Kazakhstan,50.8,49.1,76.9,1.3,159,79,617
维也纳大学,Europe,Austria,50.6,69.4,55.3,14.1,89,148,1346
麦克马斯特大学,North America,Canada,50.4,39.9,50.2,21.3,212,170,535
斯德哥尔摩大学,Europe,Sweden,50.1,54.5,17.7,62.5,143,923,189
滑铁卢大学,North America,Canada,50,40.2,77.6,82.5,209,76,101
埃默里大学,North America,United States,49.5,25.2,15.7,68.7,336,626,154
印度科学研究所班加罗尔,Asia,India,49.5,37.6,22.9,100,223,416,1
汉阳大学,Asia,South Korea,49.4,45,79.1,17.6,182,73,588
柏林工业大学,Europe,Germany,49.3,55.1,64.9,23.6,140,115,509
密歇根州立大学,North America,United States,48.9,60.5,61.4,58.9,114,124,210
法赫德法国石油和矿物大学（KFUPM）,Asia,Saudi Arabia,48.8,30.3,24.9,50.9,284,385,253
奥胡斯大学,Europe,Denmark,48.6,55.6,33.5,55.2,138,291,226
约克大学,Europe,United Kingdom,48.4,43.3,36.1,48.6,191,268,270
埃克塞特大学,Europe,United Kingdom,48.2,41.1,56.1,55.3,201,142,224
德州农工大学,North America,United States,47.9,61.5,65,67.8,112,112,161
马里兰大学，学院公园,North America,United States,47.9,51.2,35.6,71.1,151,275,140
卡迪夫大学,Europe,United Kingdom,47.8,46,47.7,41.8,177,191,336
博洛尼亚大学,Europe,Italy,47.5,78.5,43.1,49.7,73,219,263
智利大学,Latin America,Chile,47.5,80,92,13.9,69,47,1150
蒂宾根大学,Europe,Germany,47.2,44.7,21,14.9,184,440,716
蒙特雷科技大学,Latin America,Mexico,47.1,48.8,92.8,2.2,164,43,1021
萨皮恩扎 - 罗马大学,Europe,Italy,46.8,78,36.6,50.2,74,262,258
印度理工学院孟买分校,Asia,India,46.7,53.3,86.5,55.1,145,59,228
韦仕敦大学（西安大略大学）,North America,Canada,46.7,30.6,60.5,96.9,280,129,32
国立路桥学校,Europe,France,46.5,8.4,55.3,56.7,640,147,219
印度理工学院德里分校,Asia,India,46.5,49,79.2,65.2,161,72,176
凯斯西储大学,North America,United States,46.2,18.3,20.2,65.8,471,458,172
国立清华大学,Asia,Taiwan,45.9,51.3,69,47.7,149,100,279
巴塞罗那自治大学,Europe,Spain,45.8,62.2,28.9,66.9,111,336,164
维也纳技术大学,Europe,Austria,45.7,30.9,50.3,86.6,274,169,83
巴斯大学,Europe,United Kingdom,45.7,34.4,68.9,59.1,247,102,205
哈利法大学,Asia,United Arab Emirates,45.6,16.6,15.2,51.9,746,726,248
都柏林大学,Europe,Ireland,45.6,48.7,46.8,43,165,204,320
匹兹堡大学,North America,United States,45.6,39.9,16.3,37.4,211,1275,373
巴塞罗那大学,Europe,Spain,45.5,71.9,28.1,44.5,84,343,305
哥德堡大学,Europe,Sweden,45.4,37.4,20.1,34.4,228,462,399
明尼苏达大学,North America,United States,45.4,60.1,28.2,49.2,116,341,269
伍伦贡大学,Oceania,Australia,45.4,29.4,34.1,88,290,286,74
佛罗里达大学,North America,United States,45.3,48.5,47,26.4,166,201,470
弗莱堡大学,Europe,Germany,45.2,47.4,18.6,57.3,170,487,217
皇家墨尔本理工大学,Oceania,Australia,44.6,36.6,55.5,66,234,146,167
利物浦大学,Europe,United Kingdom,44.6,42.7,34.3,33.7,194,283,406
纽卡斯尔大学,Oceania,Australia,44.5,29.1,25.7,86.7,294,374,80
科廷大学,Oceania,Australia,44.4,30.5,41.2,89.4,282,227,67
武汉大学,Asia,China (Mainland),44.3,38.8,56.6,88.1,219,141,73
麦考瑞大学,Oceania,Australia,44.2,30.9,48.9,74.6,275,182,126
法语天主教鲁汶大学,Europe,Belgium,44.2,49.7,43,61.7,156,220,194
庆应义塾大学,Asia,Japan,44.1,50.3,91.9,6.6,154,48,806
蔚山国立科学技术院,Asia,South Korea,44.1,11.8,7.4,99.9,1015,982,11
范德比尔特大学,North America,United States,43.9,25.9,22.2,38.5,329,424,361
德累斯顿工业大学,Europe,Germany,43.6,37.4,37,14.9,226,258,1018
波恩大学,Europe,Germany,43.3,51.3,16.9,15.1,150,859,942
国立阳明交通大学,Asia,Taiwan,43.2,34.8,74.6,46.2,243,87,290
马来西亚工艺大学（UTM）,Asia,Malaysia,43,44.5,55.9,28.6,186,143,446
洛桑大学,Europe,Switzerland,43,30.6,16.8,61,281,1222,197
达特茅斯学院,North America,United States,42.8,19.2,25.9,86.7,447,369,81
早稻田大学,Asia,Japan,42.8,58.7,96.5,4.4,121,27,1404
卑尔根大学,Europe,Norway,42.7,33.8,8.1,41.1,253,1159,347
鹿特丹伊拉斯谟大学,Europe,Netherlands,42.6,35.6,47,54.9,239,202,232
卡塔尔大学,Asia,Qatar,42.6,24.4,33.2,36.9,349,293,378
金边大学,Latin America,Brazil,42.5,68.7,32.7,43.2,93,298,317
布鲁塞尔自由大学,Europe,Belgium,42.5,34.3,50.4,67.8,248,168,159
同济大学,Asia,China (Mainland),42.4,33.2,10,87.5,254,973,75
特温特大学,Europe,Netherlands,42.4,20.2,36.3,67.9,418,266,158
阿姆斯特丹自由大学,Europe,Netherlands,42.3,39.7,12.6,70,214,1393,150
马德里自治大学,Europe,Spain,42.2,59,55.5,20.8,119,145,547
乔治奥古斯特哥廷根大学,Europe,Germany,42.2,49.3,21.5,18.7,158,433,576
哈尔滨工业大学,Asia,China (Mainland),42,26.6,8.9,96.5,320,659,35
奥塔哥大学,Oceania,New Zealand,42,47.1,34.3,51.4,172,282,250
亚利桑那州立大学,North America,United States,41.8,46.7,40.2,59.9,173,233,201
洛斯安第斯哥伦比亚大学,Latin America,Colombia,41.6,62.9,95,6.1,108,33,1188
阿伯丁大学,Europe,United Kingdom,41.6,28.3,36,50.6,301,269,257
昆士兰科技大学（QUT）,Oceania,Australia,41.5,39.5,40,65.1,217,234,177
希伯来大学,Asia,Israel,41.5,34.8,23.8,28.7,242,403,445
朱拉隆功大学,Asia,Thailand,41.4,65.1,63.8,6.2,104,116,690
国立成功大学,Asia,Taiwan,41.4,47.2,71.9,22.2,171,91,525
马德里康普顿斯大学（UCM）,Europe,Spain,41.2,69.2,57.4,10.2,90,138,699
南方科技大学,Asia,China (Mainland),41.2,7.8,1.7,80.9,950,918,107
汉堡大学,Europe,Germany,40.7,50.8,19.8,58.9,152,465,208
雷丁大学,Europe,United Kingdom,40.4,33.2,29.1,55,255,333,229
鲍曼莫斯科国立技术大学,Europe,Russia,40.3,27.2,50.2,1.4,311,171,648
加札马达大学,Asia,Indonesia,40.2,49.1,55.1,1.6,160,149,732
雷德布德大学奈梅亨,Europe,Netherlands,40,29.9,13.5,82.4,288,857,102
贝尔法斯特女王大学,Europe,United Kingdom,39.9,31.7,27.6,37.3,266,347,374
庞培法布拉大学,Europe,Spain,39.9,30.8,26.2,91.5,278,364,60
万隆理工学院,Asia,Indonesia,39.5,43.7,54.3,2.3,189,152,646
加州大学欧文分校,North America,United States,39.5,39.7,18.4,59.9,213,492,200
沙特国王大学（KSU）,Asia,Saudi Arabia,39.4,34.5,13.1,29.3,245,735,438
开普敦大学,Africa,South Africa,39.4,43.6,50.7,44.6,190,166,302
渥太华大学,North America,Canada,39.4,25.9,38.8,80.3,330,242,110
提契诺大学,Europe,Switzerland,39.2,5.3,4.6,47.2,1013,980,283
苏塞克斯大学,Europe,United Kingdom,39.2,23.9,6.8,80.5,355,1304,109
卡尔加里大学,North America,Canada,39,36.1,50.5,41.9,237,167,334
哥伦比亚国立大学,Latin America,Colombia,38.9,67.5,93.4,3.6,98,41,1104
圣母大学,North America,United States,38.9,26.6,44.2,47.3,321,216,281
帕多瓦大学（UNIPD）,Europe,Italy,38.9,56.2,30.4,51.9,134,321,247
女王大学,North America,Canada,38.8,38.6,69,49.6,220,99,264
耶什华大学,North America,United States,38.8,2.6,3.7,98.5,1412,1411,21
印度尼西亚大学,Asia,Indonesia,38.7,47.5,62.4,1.9,168,120,1233
巴黎大学,Europe,France,38.7,34.7,6.8,91.5,244,1373,59
印度理工学院马德拉斯分校,Asia,India,38.6,38,58.3,58.3,222,134,213
布鲁塞尔大学,Europe,Belgium,38.5,22.7,16.1,23.8,366,1394,505
贝鲁特美国大学（AUB）,Asia,Lebanon,38.4,27.2,40.7,20,312,228,561
马萨诸塞大学，阿默斯特,North America,United States,38.3,40.7,16.8,65.3,204,1233,175
纳瓦拉大学,Europe,Spain,38.3,29.4,66.4,15.1,291,109,1312
弗吉尼亚大学,North America,United States,38.3,35.2,37.5,36.5,240,254,381
拉夫堡大学,Europe,United Kingdom,38.1,29.9,65.9,37.7,289,111,371
玛希隆大学,Asia,Thailand,38.1,40.5,42.7,5.2,208,222,844
文莱达鲁萨兰国大学,Asia,Brunei,38.1,19.1,9.8,8.5,451,1126,1240
巴黎政治学院,Europe,France,38,18.7,31.9,3.3,456,307,969
新西伯利亚州立大学,Europe,Russia,37.9,27.3,15.9,15.7,308,817,899
特拉维夫大学,Asia,Israel,37.9,32.7,19.2,99.7,258,479,13
北京师范大学,Asia,China (Mainland),37.8,36.3,6.4,76.4,235,550,122
亚利桑那大学,North America,United States,37.8,39.6,22.4,21.5,216,420,533
印度理工学院坎普尔分校,Asia,India,37.6,32.6,49.3,79,259,179,114
托木斯克州立大学,Europe,Russia,37.6,22.9,11.2,6.3,364,971,1044
迪肯大学,Oceania,Australia,37.5,27.6,30.7,66.8,306,318,165
物理莫斯科与技术研究所州立大学,Europe,Russia,37.3,19.7,22.5,16,435,419,861
罗格斯大学 - 新泽西州立大学新不伦瑞克分校,North America,United States,37.3,37.6,35.6,26.3,224,276,472
中山大学,Asia,China (Mainland),37.3,34.4,32.5,46,246,300,292
印度理工学院克勒格布尔分校,Asia,India,37.2,30.2,48.3,86.4,285,185,85
庆熙大学,Asia,South Korea,37.2,24.9,39,13.3,344,239,824
爱尔兰国立高威大学,Europe,Ireland,37.2,26.4,31.6,13.5,322,313,883
圣彼得堡国立大学,Europe,Russia,37.2,41.8,28.8,6.1,198,337,961
波尔图大学,Europe,Portugal,37.1,40.7,23.8,71.4,206,404,139
达姆施塔特技术大学,Europe,Germany,36.9,20.8,38.8,81.4,400,241,106
惠灵顿维多利亚大学,Oceania,New Zealand,36.9,44.8,30.1,30.9,183,324,424
国立欧亚大学 (ENU) ,Asia,Kazakhstan,36.8,25.1,37.8,1.4,338,249,826
马斯特里赫特大学,Europe,Netherlands,36.7,21.8,22.1,63.1,379,428,185
莱斯特大学,Europe,United Kingdom,36.6,22.2,14.9,42.7,375,1223,324
安特卫普大学,Europe,Belgium,36.5,22.7,12.6,44.8,368,1148,300
乔治城大学,North America,United States,36.3,31.2,44.6,27.3,270,213,458
赫里瓦特大学,Europe,United Kingdom,36.3,14.9,29.6,65.8,679,327,173
香港浸会大学,Asia,Hong Kong SAR,36.3,17,12.8,39.6,495,665,354
格拉茨大学,Europe,Austria,36.1,13.5,7.6,15.7,668,651,742
泰莱大学,Asia,Malaysia,36.1,21.5,80,6.6,387,70,1012
UCSI大学,Asia,Malaysia,36.1,20.5,54.9,2.8,407,151,1050
华沙大学,Europe,Poland,36.1,48.9,63.3,7.1,162,117,1348
坎特伯雷大学,Oceania,New Zealand,36.2,38.9,39.6,33.2,218,237,412
白俄罗斯州立大学,Europe,Belarus,36,24.2,39.7,1.3,350,236,654
布拉格查理大学,Europe,Czech Republic,36,45.3,34.9,10.7,181,280,685
光州科技学院（GIST）,Asia,South Korea,36,14.5,6.6,100,671,655,6
图尔库大学,Europe,Finland,35.8,28.8,32.1,36.3,297,305,382
梅西大学,Oceania,New Zealand,35.7,29.3,19.1,22.6,292,481,518
雅盖隆大学,Europe,Poland,35.6,38,55.1,6.6,221,150,786
斯马尼亚大学,Oceania,Australia,35.6,16.5,7.5,85.4,1329,1307,91
俄罗斯人民友谊大学,Europe,Russia,35.5,19.7,33.9,1.8,434,289,940
斯温本科技大学,Oceania,Australia,35.4,13,16.4,87,963,932,77
阿联酋大学,Asia,United Arab Emirates,35.4,26.3,36.6,11.5,323,263,1055
迈阿密大学,North America,United States,35.4,22.7,32.1,20.8,367,303,548
塔尔图大学,Europe,Estonia,35.4,25.8,10.7,14.3,331,1306,1342
格里菲斯大学,Oceania,Australia,35.2,26.1,16.6,71.7,324,652,136
巴黎第一大学,Europe,France,35.2,64,35.7,3.4,106,274,1377
西安交通大学,Asia,China (Mainland),35.1,21.8,50.7,80.7,380,165,108
考克大学,Europe,Ireland,35,29,38.1,25.9,295,246,479
澳门大学,Asia,Macau SAR,34.9,9.5,9.8,84,1257,1228,97
萨里大学,Europe,United Kingdom,34.7,20.4,28.1,49.6,413,345,265
华中科技大学,Asia,China (Mainland),34.6,21.3,40.2,96,391,232,40
天津大学,Asia,China (Mainland),34.4,18.3,4.3,92,469,964,57
戴尔豪斯大学,North America,Canada,34.3,18.5,21.2,63.8,465,436,182
俄罗斯国家研究型高等经济大学（HSE）,Europe,Russia,34.3,26.9,32.6,1.9,315,299,745
国立核研究院“MEPhI”,Europe,Russia,34.3,9.2,11.3,11.8,820,795,874
因斯布鲁克大学,Europe,Austria,34.3,19.8,5.3,12.8,429,1348,1366
北卡罗来纳州立大学,North America,United States,34.1,29.2,23,68.3,293,415,156
塔夫茨大学,North America,United States,34.1,18.3,7.2,48.2,470,976,273
筑波大学,Asia,Japan,34.1,33.9,17.5,19.2,252,1315,572
乐卓博大学,Oceania,Australia,33.9,20.8,20.9,61.9,401,442,192
科罗拉多大学博尔德分校,North America,United States,33.8,37,13.5,36.8,229,1177,379
伊利诺伊大学芝加哥分校,North America,United States,33.8,42,31.9,26.4,197,306,467
格勒诺布尔阿尔卑斯大学（UGA）,Europe,France,33.8,43.3,12.5,51.1,192,1359,252
林雪平大学,Europe,Sweden,33.7,19.8,25.6,55,430,376,231
马德里大学卡洛斯三世大学,Europe,Spain,33.7,31,48.4,5.3,271,184,1075
喀山联邦大学,Europe,Russia,33.4,20.8,7.6,3.2,402,722,804
阿根廷天主教大学（UCA）,Latin America,Argentina,33.3,20.4,43.3,1.1,410,218,917
米兰大学,Europe,Italy,33.2,49.8,15,48.5,155,1237,272
都灵理工大学,Europe,Italy,33.1,36.6,47.3,54,232,196,236
斯特拉斯克莱德大学,Europe,United Kingdom,33.1,25.9,41.8,33.4,328,224,409
台湾科技大学,Asia,Taiwan,33,25.6,37.6,25.1,332,252,489
法兰克福大学,Europe,Germany,32.9,45.4,28.6,15.6,179,338,741
西蒙弗雷泽大学,North America,Canada,32.9,24.9,21.2,52.5,343,435,244
奥尔堡大学,Europe,Denmark,32.5,19.8,28.1,47.8,428,344,277
怀卡托大学,Oceania,New Zealand,32.3,18.4,13,58.2,466,1323,214
台湾师范大学,Asia,Taiwan,32.2,32.7,18.6,6.3,257,489,879
里约热内卢联邦大学,Latin America,Brazil,32.1,58.1,25.3,8.9,123,379,1223
国立科技大学（NUST）伊斯兰堡,Asia,Pakistan,32,18.2,67.7,9.6,474,104,886
科隆大学,Europe,Germany,31.9,36.7,31,25.6,231,317,483
里斯本大学,Europe,Portugal,31.9,42.5,20.5,38.2,195,447,364
乌拉尔联邦大学,Europe,Russia,31.9,21.6,14,2.1,386,1382,1389
广岛大学,Asia,Japan,31.8,22.4,13,10.3,372,662,753
印第安纳大学伯明顿分校,North America,United States,31.7,36.6,26.3,29.4,233,363,436
埃尔朗根-纽伦堡大学,Europe,Germany,31.6,23.3,13.1,85.8,361,639,88
文莱理工大学,Asia,Brunei,31.6,12,7,7.6,1177,1134,1249
东英吉利大学（UEA）,Europe,United Kingdom,31.5,18.6,10.8,59.7,463,1188,202
伦敦的伯克贝克学院，大学,Europe,United Kingdom,31.4,11.2,3.2,70.1,567,561,148
加泰罗尼亚理工大学,Europe,Spain,31.4,32.5,25.8,24.7,261,372,495
莫斯科国际关系研究所,Europe,Russia,31.3,12.5,24.6,1.4,782,389,842
梨花女子大学,Asia,South Korea,31.2,23.4,22.2,9.1,360,427,721
IE大学,Europe,Spain,31.1,6.7,47.6,2.6,688,192,760
于韦斯屈莱大学,Europe,Finland,31.1,16.9,15.4,19.3,498,1211,570
丹麦南部大学,Europe,Denmark,31.1,19.3,20.6,44.5,445,445,306
林茨大学,Europe,Austria,31,11.4,11,20,729,710,562
康涅狄格大学,North America,United States,31,15.5,10.7,82.8,1216,1179,99
挪威科技大学,Europe,Norway,30.9,33.9,27,25.1,251,356,487
耶拿大学,Europe,Germany,30.9,18.4,3.3,9.2,468,1349,1367
邓迪大学,Europe,United Kingdom,30.8,18.9,15,30.1,454,502,428
北京理工大学,Asia,China (Mainland),30.7,20.7,15,64.3,403,548,178
伦敦大学城市学院,Europe,United Kingdom,30.7,20.6,18.7,44.3,405,486,308
斯图加特大学,Europe,Germany,30.7,24.1,24.2,65.8,352,397,170
布拉格化学技术研究所,Europe,Czech Republic,30.6,6.5,7.9,13,1212,1173,1273
ITMO大学,Europe,Russia,30.5,11.9,15.5,7.3,690,672,762
维多利亚大学,North America,Canada,30.5,17.1,9.8,71.9,494,1322,135
国油大学（Petronas）,Asia,Malaysia,30.4,16.4,29.8,46,1178,326,294
乔治华盛顿大学,North America,United States,30.3,27.2,29,32.6,310,334,415
神户大学,Asia,Japan,30.2,27.3,35.9,9.3,309,270,816
秘鲁天主大学,Latin America,Peru,30.2,43.8,63.2,1.8,188,118,921
奎德阿萨姆大学,Asia,Pakistan,30.2,15.4,38.4,95.8,883,245,41
南澳大学（UniSA）,Oceania,Australia,30.2,21.7,12.7,38.2,383,1298,365
弗吉尼亚理工学院（Virginia Tech）,North America,United States,30.2,28.5,25.6,38.5,299,375,362
林肯大学,Oceania,New Zealand,30.1,7.5,5.9,39.1,771,748,358
艾尔朗加大学,Asia,Indonesia,29.9,30.8,60.9,1.3,277,125,609
美国沙迦大学,Asia,United Arab Emirates,29.9,18.7,35.8,17.3,457,272,593
印度理工学院鲁尔基分校,Asia,India,29.9,16,23.9,94.5,701,402,47
乌梅大学,Europe,Sweden,29.9,20,11.5,17,426,984,598
新里斯本大学,Europe,Portugal,29.9,28.7,20.5,35,298,448,391
堪萨斯大学,North America,United States,29.9,14.9,16.1,11.2,1245,1212,1293
乌尔姆大学,Europe,Germany,29.8,7.6,3.2,34.4,1186,1141,398
加州大学圣克鲁兹分校,North America,United States,29.8,18.6,5,81.4,462,1169,105
肯特大学,Europe,United Kingdom,29.8,18.2,6.4,50.7,472,1214,255
捷克技术大学在布拉格,Europe,Czech Republic,29.7,19.9,33.2,4.9,427,292,704
南开大学,Asia,China (Mainland),29.7,21.2,5,70.5,393,792,144
谢里夫理工大学,Asia,"Iran, Islamic Republic of",29.6,11.6,31.8,98.3,925,309,23
夏威夷大学马诺亚分校,North America,United States,29.6,15.6,14.3,46.1,1234,1200,291
圣彼得堡国立政治大学,Europe,Russia,29.5,15,10.4,3.7,863,834,914
哈韦里亚纳主教大学,Latin America,Colombia,29.5,41,82.4,1.8,203,67,922
印度理工学院古瓦哈提分校,Asia,India,29.3,15.1,16.9,96.3,698,680,37
苏丹卡布斯大学,Asia,Oman,29.3,15,16.9,14.3,957,927,998
台北医科大学,Asia,Taiwan,29.3,9.7,17,17,969,937,597
威廉姆斯大学明斯特,Europe,Germany,29.3,33.1,22.2,13.6,256,425,1409
拉彭兰塔理工大学,Europe,Finland,29.2,7,18.1,96.8,767,497,33
东北大学,North America,United States,29.2,20.5,12.5,37.1,409,808,376
巴基斯坦工程与应用科学研究所（PIEAS）,Asia,Pakistan,29.1,5.2,8.2,44.1,856,827,310
巴勒莫大学,Latin America,Argentina,29.1,9.7,9.9,1.1,1108,1063,1170
中央大学,Asia,South Korea,29,16.7,35.3,8.6,609,278,692
东京医科齿科大学,Asia,Japan,29,10.6,4.8,15.8,1002,967,1041
奥卢大学,Europe,Finland,29,15.6,22.6,55.6,1293,417,222
犹他大学,North America,United States,29,16.5,7.6,38,1339,1320,366
印度理工学院印多尔校区,Asia,India,28.7,4.7,4.3,88.7,700,682,70
山东大学,Asia,China (Mainland),28.7,13.8,32.8,76.4,921,296,121
托木斯克理工大学,Europe,Russia,28.6,9.4,7.8,5.3,822,797,876
蒂尔堡大学,Europe,Netherlands,28.6,14.8,30.7,50.1,999,319,260
瓦伦西亚政治大学,Europe,Spain,28.4,26,10.2,17.6,326,1122,589
维尔纽斯大学,Europe,Lithuania,28.4,20,27.5,3.1,421,348,1397
墨西哥学院,Latin America,Mexico,28.3,14.9,3.9,1.5,616,605,697
伦敦皇家霍洛威大学,Europe,United Kingdom,28.3,16.8,7.5,42.5,894,866,327
比萨大学,Europe,Italy,28.2,40.6,14.7,41.7,207,1274,337
哈萨克斯坦国家技术大学,Asia,Kazakhstan,28.1,18.7,28.9,1.3,458,335,967
四川大学,Asia,China (Mainland),28,18.2,4,83.5,475,902,98
华南理工大学,Asia,China (Mainland),28,10.7,3.5,93.7,944,912,51
科罗拉多州立大学,North America,United States,27.9,19.1,19.2,20.8,448,478,549
以色列理工学院,Asia,Israel,27.9,25,24.3,23.2,341,393,512
韩国外国语大学,Asia,South Korea,27.8,11.3,26,1.6,672,368,746
维多利亚州立大学,Europe,Germany,27.8,16.2,4.2,85.5,732,712,89
布鲁内尔大学,Europe,United Kingdom,27.7,11.1,13.2,49.4,578,571,267
约翰内斯堡大学,Africa,South Africa,27.7,15.2,21.5,18.3,1244,432,579
菲律宾大学,Asia,Philippines,27.7,32.4,47.6,1.8,262,193,1357
坦佩雷大学,Europe,Finland,27.6,23.7,27.7,37.8,357,346,369
鲁尔大学波鸿,Europe,Germany,27.5,21.4,8.9,72.6,388,867,130
石溪大学,North America,United States,27.5,19.3,9.8,34.7,446,924,395
开罗美国大学,Africa,Egypt,27.5,28.3,20.2,4.1,302,455,1026
那不勒斯腓特烈二世大学,Europe,Italy,27.5,34.2,14.8,55.4,249,1249,223
美因茨大学,Europe,Germany,27.4,21.3,15.6,17.4,390,709,591
莱比锡大学,Europe,Germany,27.4,26,6.6,9.9,325,1351,1369
雅典国立科技大学,Europe,Greece,27.3,18.7,45.7,67.9,459,208,157
上海大学,Asia,China (Mainland),27.3,21.1,8.5,22.3,396,894,522
厦门大学,Asia,China (Mainland),27.3,23.9,8.8,59.3,353,1407,204
佛林德斯大学,Oceania,Australia,27.2,12.1,7,53.5,650,635,238
斯旺西大学,Europe,United Kingdom,27.2,18.5,33.7,24.4,464,290,497
纽约州立大学布法罗分校,North America,United States,27.2,17.7,10.6,57.9,487,1143,215
国立中山大学,Asia,Taiwan,27.1,25.3,24.9,27.3,334,384,459
科罗拉多大学丹佛分校,North America,United States,27.1,7.9,8.2,11.6,1215,1178,1275
北京科技大学,Asia,China (Mainland),27.1,13.1,3.4,93.2,1316,1291,52
威特沃特斯兰德大学,Africa,South Africa,27.1,25.1,38.9,30.5,337,240,425
奥斯特拉尔大学,Latin America,Argentina,27,17.5,32.7,1.8,490,297,1059
拉瓦尔大学,North America,Canada,26.9,20,17.8,27.6,423,1361,454
远东联邦大学,Europe,Russia,26.8,8.4,3.4,1.9,647,632,723
斯特拉斯堡大学,Europe,France,26.8,40.7,6.8,24.9,205,1378,493
国立台北理工大学,Asia,Taiwan,26.6,15.2,58.2,32.2,825,135,418
维多利亚大学圣拉斐尔大学,Europe,Italy,26.6,3,1.4,22.7,1356,1339,517
牛津布鲁克斯大学,Europe,United Kingdom,26.5,27,41.4,9.2,313,226,908
科英布拉大学,Europe,Portugal,26.5,30.1,13.8,38.6,286,1175,360
维克森林大学,North America,United States,26.5,5.4,7.3,12.6,1398,1396,1401
圣保罗联邦大学（UNIFESP）,Latin America,Brazil,26.4,11.3,4.8,6.6,1144,1098,1214
萨尔大学,Europe,Germany,26.4,10.2,7.5,9,1368,1356,1373
阿米尔卡比尔技术大学,Asia,"Iran, Islamic Republic of",26.3,5,23.4,99.6,525,410,14
南哈萨克斯坦国立大学（SKSU）,Asia,Kazakhstan,26.3,11.8,13.7,1,540,536,638
北京航空航天大学,Asia,China (Mainland),26.3,13.1,4.4,67.8,552,546,160
伊利诺伊理工学院,North America,United States,26.3,14.8,8.2,52.9,691,673,242
SOAS伦敦大学东方与非洲研究学院,Europe,United Kingdom,26.3,17.9,10.2,16.4,482,875,957
华盛顿州立大学,North America,United States,26.3,25.5,24.4,36.2,333,391,385
茂物农业大学,Asia,Indonesia,26.2,19.6,28.5,1.7,437,339,662
哈瑟尔特大学,Europe,Belgium,26.2,4.7,3.8,16.6,677,660,751
乌尔库拉大学（UQU）,Asia,Saudi Arabia,26.2,16.9,10.5,1.9,500,985,1054
蒙得维的亚大学,Latin America,Uruguay,26.2,16.6,19.8,1.1,1105,467,1167
加州大学河滨分校,North America,United States,26.1,17.8,8.5,61.8,484,1168,193
斯泰伦博斯大学,Africa,South Africa,26,24.5,35.7,51.2,347,273,251
特罗姆瑟大学,Europe,Norway,26,12.4,3.9,9.3,1335,1314,1343
约克大学,North America,Canada,25.9,22.6,31.3,28.2,369,315,450
国立科学院院校里昂（INSA）,Europe,France,25.7,7.5,31.7,32.3,705,311,417
西江大学,Asia,South Korea,25.7,18.1,44.5,6.3,477,215,985
特伦托大学,Europe,Italy,25.7,24.6,9.4,46.6,346,1312,285
佛罗伦萨大学,Europe,Italy,25.6,32.5,6.3,47.4,260,1192,280
詹姆斯库克大学（JCU）,Oceania,Australia,25.5,13.9,10.2,63.3,721,701,184
伦斯勒理工学院,North America,United States,25.5,8.4,6.5,70.5,885,858,145
东南大学,Asia,China (Mainland),25.5,11.1,6,68.7,946,914,155
贝尔格拉诺大学,Latin America,Argentina,25.5,9.4,17.4,1,1089,1046,1144
埃克塞斯大学,Europe,United Kingdom,25.4,16.2,8,28.1,646,630,452
智利圣地亚哥大学,Latin America,Chile,25.4,41,58.1,4.9,202,137,1177
国立科技大学“MISIS”,Europe,Russia,25.3,8.2,9.9,13.7,991,958,1032
哈瓦那大学,Latin America,Cuba,25.3,20.3,25.5,1.6,416,377,1158
阿拉斯加大学费尔班克斯分校,North America,United States,25.3,3.1,3.7,16.2,1190,1146,1259
University of Iowa,North America,United States,25.3,20.7,13.3,24.4,404,1210,498
都柏林城市大学,Europe,Ireland,25.2,19.1,32.4,16.4,449,301,714
杜兰大学,North America,United States,25.2,9.5,4.2,11.4,1010,977,1048
塞浦路斯大学,Asia,Cyprus,25.1,9,3.1,71.7,1219,1182,137
萨斯喀彻温大学,North America,Canada,25.1,12,11.7,42.5,1315,1290,329
长庚大学,Asia,Taiwan,25,4.8,4.9,40.5,596,585,349
都灵大学（UNITO）,Europe,Italy,25,37.5,6.5,39.8,225,1317,351
达曼大学,Asia,Saudi Arabia,24.9,5.8,3.7,2,693,675,764
科什大学,Asia,Turkey,24.9,20.4,36.3,23.4,411,265,511
哈勒-维滕贝格大学,Europe,Germany,24.9,14.6,4.5,5.7,792,767,852
圣保罗州立大学,Latin America,Brazil,24.9,37,23.5,16.8,230,407,600
邦德大学,Oceania,Australia,24.8,4.4,6.3,16.4,571,565,663
东国大学,Asia,South Korea,24.8,8.5,9.9,7.6,632,617,712
爱荷华州立大学,North America,United States,24.8,19.4,13.9,65.8,442,690,171
哈萨克斯坦国家农业大学,Asia,Kazakhstan,24.8,14.7,13.8,1.1,741,721,802
马来西亚北方大学,Asia,Malaysia,24.8,19.4,23.3,6.1,443,412,1254
奥克兰理工大学,Oceania,New Zealand,24.7,19.1,14.6,17.9,452,535,584
阿尔卑斯 - 亚德里亚安大学克拉根福,Europe,Austria,24.7,4.3,2.9,11.4,1249,1217,1296
亚洲大学,Asia,South Korea,24.6,13.3,12.1,13.5,511,512,611
马德里理工大学,Europe,Spain,24.6,30.8,50.1,10.8,279,174,1125
马赛大学,Europe,France,24.5,36,3.5,28.8,238,511,443
本·古里安大学,Asia,Israel,24.5,14.6,11.7,53,562,556,241
千叶大学,Asia,Japan,24.5,16,6.7,11.1,600,589,687
吉森大学,Europe,Germany,24.5,12.3,8.1,85.5,733,713,90
韩国加图立大学,Asia,South Korea,24.4,4.7,2.5,9.8,986,953,1027
乌拉圭大学,Latin America,Uruguay,24.4,11.7,16.3,1.2,1068,1034,1121
格拉纳达大学,Europe,Spain,24.4,42.1,7.8,21.7,196,1195,531
布兰迪斯大学,North America,United States,24.3,9.6,3.8,22.3,573,567,524
吉林大学,Asia,China (Mainland),24.3,13.5,44.5,25.8,727,214,480
中南大学,Asia,China (Mainland),24.2,7.3,2,96.3,594,584,38
罗马第二大学,Europe,Italy,24.2,31.6,12.6,34.3,268,1282,400
西悉尼大学,Oceania,Australia,,16.5,18.1,33.9,502,496,404
巴伊兰大学,Asia,Israel,,8.4,6.5,77.9,550,544,117
科罗拉多矿业学院,North America,United States,,6.9,9.2,67.7,618,607,163
庆北国立大学,Asia,South Korea,,14.2,19.2,14.7,763,477,825
中东技术大学,Asia,Turkey,,26.8,52.7,25,318,157,492
密苏里科技大学,North America,United States,,3.2,4.3,79.9,802,776,111
Swarthmore College,North America,United States,,3.5,1.5,19.3,962,931,569
阿威罗大学,Europe,Portugal,,13.1,6.3,68.9,1193,1150,152
圣加仑大学（HSG）,Europe,Switzerland,,8.8,38.6,29.3,1327,244,437
斯特灵大学,Europe,United Kingdom,,10.8,12.1,41.2,1328,1303,344
德黑兰大学,Asia,"Iran, Islamic Republic of",,22.6,27.5,55.8,370,349,220
蒙彼利埃大学,Europe,France,,19.8,5.9,55.1,431,1371,227
横滨市立大学,Asia,Japan,,3.5,2.7,10.3,1415,1414,1416
哈萨克斯坦国家教育大学,Asia,Kazakhstan,,19.4,17.1,1.1,444,504,603
佛罗里达州立大学,North America,United States,,26.7,37.1,33.1,319,256,413
伦敦大学金史密斯学院,Europe,United Kingdom,,16.2,7.5,17.4,667,650,592
阿尔卡拉大学,Europe,Spain,,9.2,5.2,5,1088,1045,1142
哥斯达黎加大学,Latin America,Costa Rica,,31.2,44.7,1.8,269,211,1152
拜罗伊特大学,Europe,Germany,,9.9,16.8,28.9,1200,1157,441
堪培拉大学,Oceania,Australia,,12.9,8.8,43.6,1208,1170,312
密苏里大学,North America,United States,,15.4,15.2,20.1,1270,1243,559
意大利天主教圣心大学,Europe,Italy,,22.4,31.6,6.7,373,312,1364
阿尔泰州立大学,Europe,Russia,,7.7,5.1,1.4,521,523,623
北京化工大学,Asia,China (Mainland),,4.6,1.5,86.9,555,551,78
基尔大学（德国）,Europe,Germany,,18.8,10.3,22.8,455,597,515
波兹南生命科学大学,Europe,Poland,,5.4,3,3.5,876,848,930
新学院大学,North America,United States,,15.6,7.4,2.6,992,959,1033
波尔多大学,Europe,France,,30.8,5.5,20.2,276,1161,558
德里大学,Asia,India,,34.2,31.9,27.2,250,308,460
德克萨斯大学达拉斯分校,North America,United States,,14.2,17,64.1,1330,1308,179
列日大学,Europe,Belgium,,18,25,27.1,479,383,462
华沙工业大学,Europe,Poland,,22.2,58.5,4.8,374,133,1403
一桥大学,Asia,Japan,,13.9,84.3,2.4,680,63,754
仁荷大学,Asia,South Korea,,8.7,13.7,12,704,685,768
科学技术大学伊朗,Asia,"Iran, Islamic Republic of",,6.7,15.2,89.7,712,691,66
萨班斯大学,Asia,Turkey,,16.2,27.4,18.1,904,350,580
圣约瑟夫德贝鲁特大学,Asia,Lebanon,,9.1,27.1,2.8,905,355,959
拉斯维亚斯马尔塔·阿布瑞尤中央大学,Latin America,Cuba,,6,1.4,1.2,1039,1009,1084
巴拉曼大学,Asia,Lebanon,,4.5,11.1,1.9,1197,1154,1265
利默里克大学,Europe,Ireland,,17.1,34.5,22.3,493,281,523
迪拜的加拿大大学,Asia,United Arab Emirates,,10.4,19.8,2,587,466,677
中国石油大学（北京）,Asia,China (Mainland),,3.5,1.3,95.7,604,593,42
华东师范大学,Asia,China (Mainland),,13.4,3.4,44.3,638,622,307
浦那大学,Asia,India,,7,5.4,29.6,915,886,432
南联邦大学,Europe,Russia,,7.3,4.1,1.8,948,916,991
拉普拉塔国立大学,Latin America,Argentina,,36.3,19.7,2.2,236,470,1107
泛美大学（UP）,Latin America,Mexico,,7.6,29.3,1.2,1069,330,1122
马德拉斯大学,Asia,India,,8,3.6,94.2,1258,1229,48
康斯坦茨大学,Europe,Germany,,21.7,3.6,16.2,382,1350,1368
曼海姆大学,Europe,Germany,,15.7,40.3,44.5,1363,231,304
V.N.卡拉津哈尔科夫国立大学,Europe,Ukraine,,12,14.6,1.5,1387,1384,1390
安娜大学,Asia,India,,6.8,11.3,85.2,531,529,92
开罗大学,Africa,Egypt,,41.6,27.2,2.6,200,353,673
康考迪亚大学,North America,Canada,,14.3,23.2,24.3,620,413,500
全北国立大学,Asia,South Korea,,14.4,10.3,10.8,725,706,790
马萨里克大学,Europe,Czech Republic,,23.7,25.8,14.9,358,370,853
车尔尼雪夫斯基的萨拉托夫州立大学,Europe,Russia,,4,1.8,1.9,821,796,875
西北工业大学,Asia,China (Mainland),,4.7,1.8,45.1,841,813,299
世宗大学,Asia,South Korea,,11.8,16.7,48.2,918,889,274
萨拉戈萨大学,Europe,Spain,,21.8,4.2,7.8,381,1075,1184
东芬兰大学,Europe,Finland,,15.1,12.6,25.2,1225,1190,485
塞格德大学,Europe,Hungary,,17.7,11.1,4.7,486,1305,1341
阿拉木图理工大学,Asia,Kazakhstan,,4.6,3.4,1,520,522,622
巴林应用科学大学,Asia,Bahrain,,14.2,20.3,1.5,533,453,633
阿斯顿大学,Europe,United Kingdom,,12,19.6,26.2,536,472,473
毕尔坎特大学,Asia,Turkey,,20.2,34.1,16.5,417,287,658
波士顿学院,North America,United States,,21.1,20.4,24.1,397,451,502
大连理工大学,Asia,China (Mainland),,8.2,2.3,71.9,626,612,134
默多克大学,Oceania,Australia,,6.7,7.5,44.6,806,780,301
新泻大学,Asia,Japan,,4.3,2.8,5.1,833,806,888
新加坡管理大学,Asia,Singapore,,11.2,16.9,24.2,935,905,501
索非亚大学“圣克拉门特奥尔希斯基”,Europe,Bulgaria,,14.4,21,2,938,441,984
塞维利亚大学,Europe,Spain,,37.4,8.9,9.1,227,1069,1178
电子科技大学,Asia,China (Mainland),,3.7,2.3,89,1226,1191,69
蔚山大学,Asia,South Korea,,5.3,2.6,27.2,1338,1319,461
帕维亚大学,Europe,Italy,,20.5,5.6,52.5,406,1341,245
翰林大学,Asia,South Korea,,2.1,1.5,6.8,673,656,748
卡斯里克的圣灵大学,Asia,Lebanon,,5.2,8.6,1.8,682,664,756
长崎大学,Asia,Japan,,6.4,2.3,7,811,785,868
瓦伦西亚大学,Europe,Spain,,32,7.1,22.7,263,1124,516
弗里堡大学 ,Europe,Switzerland,,10.4,5.3,41.5,1376,1368,340
魁北克大学,North America,Canada,,19.5,19.5,43.8,439,473,311
印度理工学院海得拉巴,Asia,India,,3.5,2.3,76.8,699,681,120
澳门科技大学,Asia,Macau SAR,,3.4,3.5,43.3,784,759,315
国立中央大学,Asia,Taiwan,,20.1,25.4,20.6,420,378,551
深圳大学,Asia,China (Mainland),,7.1,2.2,17.8,927,897,586
特拉华大学,North America,United States,,10.4,9.6,58.8,1220,1184,212
马萨诸塞大学，波士顿,North America,United States,,12.8,8.6,61,1263,1234,196
雷根斯堡大学,Europe,Germany,,11.1,5.3,7.8,1365,1353,1370
图卢兹第三大学,Europe,France,,18.9,3.5,15.9,453,1365,1379
中国农业大学,Asia,China (Mainland),,8.5,1.6,63.9,601,590,181
湖南大学,Asia,China (Mainland),,7,7.4,72.2,687,670,132
理海大学,North America,United States,,5.6,5,40.1,770,747,350
巴里理工大学,Europe,Italy,,5.6,4.3,76.2,866,837,124
诚信女子大学,,,,3.4,6.3,1.2,959,929,1000
克里特大学,Europe,Greece,,14.9,13.7,62.4,1218,1181,191
圭尔夫大学,North America,Canada,,13.5,31.5,41.7,1230,314,339
约旦大学,Asia,Jordan,,26.9,38.6,2.9,316,243,1292
米尼奥大学,Europe,Portugal,,16,8.7,17.8,1266,1239,585
比勒陀利亚大学,Africa,South Africa,,23.4,47.7,21.1,359,190,539
阿科美大学,Europe,Finland,,8.4,8.4,37.5,505,506,372
艾因科技大学,Asia,United Arab Emirates,,13.5,11.5,2.8,513,514,613
班戈大学,Europe,United Kingdom,,8.6,4.5,29.4,549,543,435
卡尔顿大学,North America,Canada,,9.6,18.3,45.5,589,494,297
清迈大学,Asia,Thailand,,31.9,26.1,3.8,264,365,686
华东理工大学,Asia,China (Mainland),,6.5,2.5,66,639,623,166
埃迪斯科文大学,Oceania,Australia,,8.1,9.8,28.8,642,625,444
岐阜大学,Asia,Japan,,4.7,2.1,7.2,665,648,739
伊曼纽埃尔·卡特波罗的海联邦大学,Europe,Russia,,6.6,2.2,1.7,695,677,766
伊瓜恩Javakhishvili第比利斯州立大学,Asia,Georgia,,8,3.6,1.2,718,698,784
伊斯坦布尔理工大学,Asia,Turkey,,21.9,49.1,10.9,377,180,781
尼赫鲁大学,Asia,India,,28.2,9.6,19.7,303,704,564
金泽大学,Asia,Japan,,8.1,3.3,12.6,735,715,795
金斯顿大学,Europe,United Kingdom,,16.6,12.1,9.7,755,736,815
拉合尔管理科学大学（LUMS）,Asia,Pakistan,,14.9,67.6,5.5,765,107,827
黎巴嫩美国大学,Asia,Lebanon,,9.9,21.7,3.5,768,430,828
黎巴嫩大学,Asia,Lebanon,,19.5,47.8,2,438,189,829
汉诺威大学,Europe,Germany,,21.2,36.4,10.4,394,264,831
岭南大学（香港）,Asia,Hong Kong SAR,,7.3,6.2,15.6,772,749,832
管理与科学大学,Asia,Malaysia,,10.7,14.7,1.5,786,761,846
南京理工大学,Asia,China (Mainland),,4.4,2.1,75.4,816,791,125
国立政治大学,Asia,Taiwan,,18.4,39.2,2.7,467,237,870
雅典大学,Europe,Greece,,24.9,32.1,27.6,342,304,453
冈山大学,Asia,Japan,,7.8,3.4,10,851,822,904
俄勒冈州立大学,North America,United States,,16.2,7,37.2,853,824,375
大阪市立大学,Asia,Japan,,9.4,6.8,7.7,854,825,906
里约热内卢天主大学,Latin America,Brazil,,31.6,14.3,12.6,267,846,928
釜山国立大学,Asia,South Korea,,20,17.7,13.6,424,854,937
中国人民大学,Asia,China (Mainland),,21.7,52.1,7.6,384,159,941
萨马拉国立航空航天大学,Europe,Russia,,4,2.3,2.6,911,882,965
圣路易斯大学,North America,United States,,3.5,3.5,11.3,952,920,994
双威大学,Asia,Malaysia,,8.4,36.8,5.1,960,259,1001
布伦瑞克工业大学,Europe,Germany,,9.3,16,7.6,978,946,1017
佐治亚大学,North America,United States,,21.2,27.2,31.5,392,354,421
田纳西大学,North America,United States,,10.8,23.9,54.3,997,401,233
阿尔斯特大学,Europe,United Kingdom,,8.2,10.4,12.9,1016,983,1053
阿纳瓦克大学,Latin America,Mexico,,11.8,33.1,1.1,1018,294,1058
宗座大学玻利瓦尔,Latin America,Colombia,,9,20.8,1.7,1072,443,1126
科米利亚斯主教大学,Europe,Spain,,8.5,64.9,2.5,1073,114,1127
德翁大学,Latin America,Chile,,26.9,40.5,7.6,314,229,1151
巴黎第二大学,Europe,France,,6.9,6.2,1.2,1184,1139,1257
卢布尔雅那大学,Europe,Slovenia,,20,6.3,7.2,425,1225,1301
米兰 - 比卡卡大学,Europe,Italy,,19.8,10.2,52.7,432,1238,243
萨拉曼卡大学,Europe,Spain,,26,8.8,7.2,327,1284,1329
沙迦大学,Asia,United Arab Emirates,,14.9,15.9,7.7,1318,1294,1336
南佛罗里达大学,North America,United States,,12.7,14.2,41.3,1324,1300,343
不来梅大学,Europe,Germany,,19.7,5.6,24.4,433,1346,499
波茨坦大学,Europe,Germany,,15.3,2.2,32.8,1364,1352,414
罗斯托克大学,Europe,Germany,,7.1,3.1,7.1,1366,1354,1371
里昂第一大学,Europe,France,,17.9,3.6,46.5,481,1357,288
韦恩州立大学,North America,United States,,8,5,14,1400,1399,1405
Wesleyan University,North America,United States,,3.3,2.4,9.8,1401,1400,1406
阿伯斯威大学,Europe,United Kingdom,,9,6.9,25,504,505,490
阿布扎比大学,Asia,United Arab Emirates,,8.6,10.7,7.9,506,507,604
阿利亚大学,Asia,Bahrain,,9.5,5.8,2.2,509,510,607
阿治曼科技大学,Asia,United Arab Emirates,,10.6,24.6,1.7,510,388,610
阿尔法萨尔大学,Asia,Saudi Arabia,,2.9,2.2,9.8,518,520,620
迪拜美国大学,Asia,United Arab Emirates,,8.8,18.8,2.3,523,484,625
亚里士多德大学,Europe,Greece,,27.4,28.1,15.9,307,342,634
马尼拉雅典耀大学,Asia,Philippines,,17.6,46.9,1.7,488,203,637
中央昆士兰大学,Oceania,Australia,,7,10.7,9.8,593,583,681
中国地质大学,Asia,China (Mainland),,4.5,1.3,20.1,602,591,560
重庆大学,Asia,China (Mainland),,6.9,3,56.9,606,595,218
科米诺斯大学在布拉迪斯拉发,Europe,Slovakia,,12.6,2.8,3.4,619,608,698
考文垂大学,Europe,United Kingdom,,8.7,20.1,6.6,622,461,701
德雷塞尔大学,North America,United States,,8.4,6.8,36.6,635,620,380
群马大学,Asia,Japan,,3,1.8,5.3,670,654,744
技术学院（BHU）- 瓦拉纳西,Asia,India,,2.8,3.5,78.2,696,678,115
马来西亚国际伊斯兰大学（IIUM）,Asia,Malaysia,,21.4,16.7,3.1,389,689,776
卡拉甘达国立技术大学,Asia,Kazakhstan,,6.5,5,1,738,718,797
格拉茨大学,Europe,Austria,,20.9,7.6,12,399,719,798
建国大学,Asia,South Korea,,7.3,9.9,10.3,756,737,817
熊本大学,Asia,Japan,,6.9,2.5,11.3,758,739,819
国立中兴大学,Asia,Taiwan,,18.6,22.2,13,460,426,872
国立技术大学“哈尔科夫理工学院”,Europe,Ukraine,,5.8,10.2,1.3,827,801,881
新泽西理工学院（NJIT）,North America,United States,,3.5,8,25.3,831,804,484
诺森比亚大学,Europe,United Kingdom,,9.8,23.1,14.7,838,414,893
金达尔环球大学,Asia,India,,6.2,21.5,1.3,846,434,900
帕拉茨基大学奥洛穆茨,Europe,Czech Republic,,15.6,11.5,8.8,857,828,909
普列汉诺夫俄罗斯经济大学,Europe,Russia,,10.5,13.6,2.6,865,836,915
王子穆罕默德本法赫德大学,Asia,Saudi Arabia,,11.4,14.4,13.7,878,850,932
哈萨克斯坦国立医科大学,Asia,Kazakhstan,,5.7,6.2,1,902,874,956
塞维诺夫第一莫斯科国立医科大学,Europe,Russia,,5,3.9,2.4,917,888,971
苏州大学,Asia,China (Mainland),,5.1,2.3,64,939,908,180
基辅舍夫琴科基辅共和国国立大学,Europe,Ukraine,,18.6,30.5,2.4,461,320,1011
泰国法政大学,Asia,Thailand,,21.9,37.8,2.1,378,250,1024
哥伦比亚大学,Latin America,Colombia,,13.1,52.6,1.1,1044,158,1090
ICEI大学,Latin America,Colombia,,4.8,10.9,1.7,1045,1012,1091
布宜诺斯艾利斯大学国家中心,Latin America,Argentina,,5.4,2.4,1.4,1063,1030,1116
卡耶塔诺·埃雷迪亚大学,Latin America,Peru,,9.9,10.9,2.9,1070,1035,1123
德安蒂奥基亚大学,Latin America,Colombia,,30.1,44.1,4.4,287,217,1143
拉曼·鲁尔大学,Europe,Spain,,10.4,47.1,8.7,1167,199,1238
玛拉工艺大学,Asia,Malaysia,,26.8,47.4,2.7,317,195,1250
阿拉巴马大学，伯明翰大学,North America,United States,,6.9,4.6,36.1,1189,1145,386
德布勒森大学,Europe,Hungary,,17.8,9.4,3.8,485,1183,1277
热那亚大学,Europe,Italy,,16.9,3.7,41.7,499,1193,338
哈德斯菲尔德大学,Europe,United Kingdom,,10.8,10.4,25,1239,1205,491
赫尔大学,Europe,United Kingdom,,7.5,4.6,28.9,1240,1206,442
曼尼托巴大学,North America,Canada,,14.3,19.3,11,1260,475,1304
内布拉斯加大学,North America,United States,,10.5,5.3,38.4,1279,1251,363
普利茅斯大学,Europe,United Kingdom,,9,12.9,34.9,1302,1276,392
南昆士兰大学,Oceania,Australia,,7.9,8.4,43,1325,1301,321
美利坚大学,North America,United States,,16.3,29.2,4.8,522,332,624
中东美国大学,Asia,Kuwait,,13.1,17,2.9,524,524,626
Bogaziçi大学,Asia,Turkey,,21,47.1,14.3,398,200,664
布尔诺工业大学,Europe,Czech Republic,,12.3,29.4,6.3,576,329,667
查尔斯达尔文大学,Oceania,Australia,,5.3,3.4,31.3,598,587,422
纽约市立大学,North America,United States,,24.4,37.7,5.7,348,251,695
匈牙利罗兰大学,Europe,Hungary,,23.9,15.3,7.1,354,631,722
博尔扎诺自由大学,Europe,Italy,,4,1.6,39.7,654,638,353
泗水理工学院,Asia,Indonesia,,13,30.3,1.8,706,322,769
贾达福布尔大学,Asia,India,,14.6,4.5,42.5,720,700,328
暨南大学,Asia,China (Mainland),,3.9,2,34.5,728,708,397
贾佛大学,Asia,Saudi Arabia,,5.4,4.8,1.7,731,711,793
鹿儿岛大学,Asia,Japan,,5,2.4,4.7,734,714,794
艾哈迈德亚萨威大学,Asia,Kazakhstan,,11.7,13.4,1.2,748,728,808
哈立德国王大学,Asia,Saudi Arabia,,10,2.7,1.9,752,732,812
乌克兰国立技术大学“基辅理工学院”,Europe,Ukraine,,14.7,26.7,1.5,828,360,882
Pavol Josef Safarik大学,Europe,Slovakia,,3.9,2.6,4,861,832,912
诺拉·宾特·阿卜杜勒拉曼公主大学,Asia,Saudi Arabia,,14.4,19.3,1.5,879,476,934
立命馆大学,Asia,Japan,,13.3,68.6,3.6,891,103,947
南十字大学,Oceania,Australia,,4.1,3.5,34.8,947,915,393
史蒂文生理工学院,North America,United States,,2.5,3.4,41.4,954,922,342
塔林理工大学,Europe,Estonia,,12.7,10.8,9.4,971,939,1008
德岛大学,Asia,Japan,,4.5,1.5,8.3,1001,966,1040
东京都大学,Asia,Japan,,11.7,5.1,26.4,1003,968,471
东京农工大学,Asia,Japan,,11.8,5.6,41.9,1004,969,335
乌拉圭天主教大学,Latin America,Uruguay,,11,16.1,1.3,1038,1008,1083
委内瑞拉中央大学（UCV）,Latin America,Venezuela,,21.2,46.3,1.2,395,205,1086
伊比利亚美洲大学,Latin America,Mexico,,17.5,39.9,1.3,489,235,1092
旧金山基多大学,Latin America,Ecuador,,12.5,17.7,2.2,1076,1038,1130
拉萨瓦纳大学,Latin America,Colombia,,17.3,51.4,1.9,491,161,1159
米纳斯吉拉斯联邦大学,Latin America,Brazil,,31,8.7,8.6,272,1092,1208
国家能源大学,Asia,Malaysia,,6.9,14.8,11.5,1179,1135,1251
布拉德福德大学,Europe,United Kingdom,,8.1,6.4,23.8,1202,1162,504
辛辛那提大学,North America,United States,,12.4,11,26.4,1213,1174,468
海法大学,Asia,Israel,,12.9,9,21.2,1231,1197,536
肯塔基大学,North America,United States,,11.6,14.9,28.4,1247,1215,449
蒙斯大学,Europe,Belgium,,5.8,20.5,44.3,1273,449,309
新不伦瑞克大学,North America,Canada,,4.4,12.1,21.2,1280,1252,537
新墨西哥大学,North America,United States,,12.7,7.2,21.6,1283,1255,532
俄克拉荷马大学,North America,United States,,9.5,13.2,37.1,1290,1262,377
俄勒冈大学,North America,United States,,17,11.9,30,497,1264,429
佩奇大学,Europe,Hungary,,12.7,8.6,2.7,1299,1271,1322
朴茨茅斯大学,Europe,United Kingdom,,7.9,13.3,17.9,1303,1277,583
南波希米亚大学,Europe,Czech Republic,,5.2,2.3,5,1322,1299,1339
南卡罗来纳大学,North America,United States,,15.4,18.5,27.4,1323,490,457
的里雅斯特大学,Europe,Italy,,11.8,3.7,52.3,1334,1313,246
佛蒙特大学,North America,United States,,3.1,3.4,20.9,1340,1321,542
威斯敏斯特大学,Europe,United Kingdom,,11.7,8.3,7.2,1343,1326,1350
维斯大学大学,Europe,Spain,,18.1,5.5,12.8,476,1333,1355
维多利亚大学,Oceania,Australia,,7.3,6.4,36.3,1392,1389,383
维尔纽斯Gediminas技术大学,Europe,Lithuania,,9.6,20.6,7.7,1394,446,1396
弗吉尼亚联邦大学,North America,United States,,6.9,8.9,15.4,1395,1391,1398
扎耶德大学,Asia,United Arab Emirates,,11.8,13.9,4.8,1420,1419,1421
北京工业大学,Asia,China (Mainland),,7.2,4.2,22.1,558,554,526
白俄罗斯国立技术大学,Europe,Belarus,,10.9,23.6,1.1,560,406,653
CY塞尔吉-巴黎大学,Europe,France,,3.1,2.3,10.3,583,574,671
全南国立大学,Asia,South Korea,,9.4,4.8,14.3,607,596,689
忠南国立大学,Asia,South Korea,,9.7,9.4,9.1,611,600,694
克拉克大学,North America,United States,,2.8,2.1,22,612,601,528
檀国大学,Asia,South Korea,,3.2,3.4,3.1,628,614,707
佛罗里达国际大学,North America,United States,,14.3,24.2,16,652,398,727
霍华德大学,North America,United States,,5.7,9.9,4,684,667,758
民族工业学院(IPN),Latin America,Mexico,,20,50.9,2.8,422,164,770
墨西哥自治大学（ITAM）,Latin America,Mexico,,14.2,47.4,2,707,194,771
布宜诺斯艾利斯理工学院,Latin America,Argentina,,8.4,24.3,1.7,708,394,772
基尔大学,Europe,United Kingdom,,6.1,2.9,24.9,744,724,494
兰州大学,Asia,China (Mainland),,7.3,1.7,35.3,766,745,388
下诺夫哥罗德国立大学,Europe,Russia,,8.1,4.7,2.3,774,751,834
马尼拉大学,Asia,India,,7.9,8.9,3.6,788,763,848
纽芬兰纪念大学,North America,Canada,,6.2,7.1,28.1,795,769,451
密歇根理工大学,North America,United States,,4.6,5.6,35.2,799,773,389
米德塞斯大学,Europe,United Kingdom,,5,5,16.3,800,774,859
大阪府立大学,Asia,Japan,,4.9,7.3,9.8,855,826,907
帕丽斯·洛德伦萨尔茨堡大学,Europe,Austria,,8.8,1.1,10.6,859,830,910
菲利普斯大学马堡,Europe,Germany,,13.8,4.3,33.7,864,835,408
瓦尔帕莱索天主教大学,Latin America,Chile,,25.2,25,6.6,335,382,919
里加技术大学,Europe,Latvia,,11.8,22.4,3,888,421,944
圣彼得堡电工大学,Europe,Russia,,4.1,3.9,1.8,906,877,960
设拉子大学,Asia,"Iran, Islamic Republic of",,7.3,6,53.4,930,900,240
雪城大学,North America,United States,,13.6,15.9,17,964,933,596
天普大学,North America,United States,,12.6,9.1,19.4,982,949,568
阿道夫·伊瓦涅斯大学,Latin America,Chile,,17,58.5,5.2,496,132,1056
查平戈大学,Latin America,Mexico,,3.5,2.5,1.4,1023,992,1065
安德鲁贝罗天主大学,Latin America,Venezuela,,24.2,49.7,1,351,176,1076
圣安德烈斯大学,Latin America,Argentina,,6,21.2,2,1112,437,1174
德拉共和大学（UdelaR）,Latin America,Uruguay,,22.8,18.7,1.7,365,485,1185
罗萨里奥大学,Latin America,Colombia,,13.6,52,2.9,1129,160,1196
联邦大学里约热内卢大学,Latin America,Brazil,,28.5,3.9,11.7,300,1106,1222
孔波斯特拉大学,Europe,Spain,,22,7.3,19.5,376,1110,567
Padjadjaran大学,Asia,Indonesia,,14.6,24.3,1.3,1164,395,1235
罗维拉-威尔吉利大学,Europe,Spain,,6.3,2.1,43.1,1168,1123,318
杜塞尔多夫大学,Europe,Germany,,12.9,6.6,8.5,1182,1137,1255
丹佛大学,North America,United States,,4.9,8.1,12.2,1221,1185,1278
休斯敦大学,North America,United States,,14.4,15.8,35.2,1237,1203,390
海得拉巴大学,Asia,India,,11.4,3.1,38.7,1241,1207,359
锡耶纳大学,Europe,Italy,,11.9,2.8,42.2,1319,1295,331
温莎大学,North America,Canada,,2.8,6.3,57.7,1344,1327,216
蔚蓝海岸大学,Europe,France,,16,2.9,25.9,1369,1358,478
里尔大学,Europe,France,,25,3.7,10.9,340,1369,1382
舍布鲁克大学,North America,Canada,,6.1,11.2,21,1381,1376,541
苏塞大学,Africa,Tunisia,,2.8,1,1.6,1382,1377,1385
波兰克拉科夫AGH科技大学,Europe,Poland,,8.8,11.8,7.4,503,503,602
卡拉甘达州立大学E.Buketov,Asia,Kazakhstan,,11.5,15.1,1.2,507,508,605
波兹南密茨凯维奇大学,Europe,Poland,,16.1,6.1,5.4,508,509,606
艾因·沙姆斯大学,Africa,Egypt,,20.4,18.6,1.9,412,488,608
澳洲天主大学,Oceania,Australia,,7,11.4,15,541,537,639
孟加拉国工程技术大学,Asia,Bangladesh,,14.1,25.2,9.5,548,381,647
北京外国语大学,Asia,China (Mainland),,5,2.1,1.4,553,547,650
北京交通大学,Asia,China (Mainland),,10,4.2,26,554,549,477
北京中医药大学,Asia,China (Mainland),,4.4,1.4,6.8,556,552,651
北京邮电大学,Asia,China (Mainland),,2.9,2,42.6,557,553,325
贝鲁特阿拉伯大学,Asia,Lebanon,,9.8,15.9,2.3,559,555,652
伯恩茅斯大学,Europe,United Kingdom,,5.2,11.1,21.1,572,566,538
布达佩斯理工大学,Europe,Hungary,,14.6,19.8,8.8,579,464,668
威尼斯大学,Europe,Italy,,17.8,17.1,14.5,483,575,672
卡塔尼亚大学,Europe,Italy,,11.4,3.2,33.3,590,580,410
昌迪加尔大学,Asia,India,,8.6,31.8,1.3,595,310,682
长荣大学,Asia,Taiwan,,4.6,2.5,1.7,597,586,683
查尔斯·斯坦特大学,Oceania,Australia,,4.1,7.5,9.6,599,588,684
中国矿业大学,Asia,China (Mainland),,3,1.7,50.2,603,592,259
克拉克森大学,North America,United States,,1,3.2,39.2,613,602,356
克莱蒙森大学,North America,United States,,8.1,16.4,21,614,603,540
威廉玛丽学院,North America,United States,,8,12.4,19,617,606,573
理工大学，克拉科夫,Europe,Poland,,11.3,25.2,4.1,623,380,702
捷克生命科学大学,Europe,Czech Republic,,10.1,6.2,9.3,625,611,705
德拉萨大学,Asia,Philippines,,19.1,34.3,4.1,450,284,708
德蒙福特大学,Europe,United Kingdom,,4.7,5.2,6.8,629,615,709
蒂波尼格罗大学,Asia,Indonesia,,15,24.2,1.4,630,396,710
东华大学,Asia,China (Mainland),,2.8,1.4,30.2,633,618,427
维新大学,Asia,Vietnam,,8.8,24.7,19.5,636,387,566
爱丁堡纳皮尔大学,Europe,United Kingdom,,4.4,4,9.4,641,624,717
格但斯克理工大学,Europe,Poland,,8.5,13.1,11.1,659,643,734
佐治亚州立大学,North America,United States,,12.7,19.7,26.1,662,469,474
德国约旦大学,Asia,Jordan,,5.8,9.3,3.8,663,646,737
海湾大学科技（GUST）,Asia,Kuwait,,7.7,7.1,4.1,669,653,743
哈西德佩大学,Asia,Turkey,,18,18.8,5.4,480,483,747
哈尔滨工程大学,Asia,China (Mainland),,2.9,1.4,33.7,675,658,407
瓜达拉哈拉耶稣会大学 ITESO,Latin America,Mexico,,5.7,7.7,1,689,671,761
印度理工学院布巴内斯瓦尔分校,Asia,India,,3.5,3.8,48.6,697,679,271
印第安纳大学与普渡大学印第安纳波利斯联合分校,North America,United States,,8.3,7.1,17.7,703,684,587
INTEC大学,Latin America,Dominican Republic,,3.7,8.7,1.1,709,686,773
国际基督教大学,Asia,Japan,,4.3,12,1.7,710,687,774
麦地那伊斯兰大学,Asia,Saudi Arabia,,3.5,3.5,1.3,714,693,778
伊斯坦布尔大学,Asia,Turkey,,24.6,15.2,5.4,345,696,782
印度国立伊斯兰大学,Asia,India,,6.3,3,15.4,723,703,788
约旦科技大学,Asia,Jordan,,16.6,24.7,4.4,730,386,792
堪萨斯州立大学,North America,United States,,9.8,10.5,22.6,737,717,519
泰国农业大学,Asia,Thailand,,23.2,25.8,2.6,362,371,799
考纳斯理工大学,Europe,Lithuania,,11.1,20.3,5.9,739,452,800
哈萨克斯坦英国技术大学,Asia,Kazakhstan,,11.9,22.4,1.4,742,422,803
孔敬大学,Asia,Thailand,,15.7,17.4,4,749,729,809
费萨尔国王大学,Asia,Saudi Arabia,,13.2,4.8,2.2,751,731,811
蒙古特国王理工大学,Asia,Thailand,,13,10,7.2,753,733,813
Kyrgyz-Turkish Manas University,Asia,Kyrgyzstan,,10.7,7.9,1.6,762,743,823
利物浦约翰·穆尔斯大学,Europe,United Kingdom,,9.4,5.1,15.1,773,750,833
罗兹技术大学,Europe,Poland,,5.1,4.1,8,775,752,835
伦敦都会大学,Europe,United Kingdom,,5.3,3.3,4,776,753,837
伦敦南岸大学,Europe,United Kingdom,,3,3.1,5.7,777,754,838
路易斯安那州立大学,North America,United States,,10.2,11,20.6,778,755,550
芝加哥洛约拉大学,North America,United States,,8,19.1,9.8,779,482,839
利沃夫理工大学,Europe,Ukraine,,8,11.5,1.7,781,757,841
曼彻斯特城市大学,Europe,United Kingdom,,10.7,12.4,9.1,787,762,847
梅努斯大学,Europe,Ireland,,9.8,10.6,10.8,793,768,854
孟德尔大学,Europe,Czech Republic,,6.4,6.5,3.6,796,770,856
KIMEP大学,Asia,Kazakhstan,,6.2,12.9,3,810,784,867
南京农业大学,Asia,China (Mainland),,4.8,1.8,46.3,813,787,289
南京航空航天大学,Asia,China (Mainland),,3.1,2.7,39.7,815,790,352
国立中正大学,Asia,Taiwan,,12.5,19.6,5.7,817,471,871
国立理工学院Tiruchirappalli,Asia,India,,2.8,3.3,43.1,819,794,319
尼古拉哥白尼大学,Europe,Poland,,7.3,3,4.5,832,805,887
北部边界大学,Asia,Saudi Arabia,,7.9,4.3,1.9,837,810,892
西北农林科技大学,Asia,China (Mainland),,3.1,1.1,21.8,839,811,530
西北大学（中国）,Asia,China (Mainland),,3.1,1.3,12.9,840,812,894
巴黎圣母院大学卢瓦兹分校,Asia,Lebanon,,4.5,12.3,3.6,842,814,895
诺丁汉特伦特大学,Europe,United Kingdom,,9.7,20.2,6.5,843,457,896
新西伯利亚州立技术大学,Europe,Russia,,6.7,7,1.9,845,816,898
俄克拉荷马州立大学,North America,United States,,9.3,10.3,16.1,852,823,905
彼尔姆州立大学,Europe,Russia,,4.5,1.6,1.5,862,833,913
本地治里大学,Asia,India,,3,2.1,42.9,867,838,322
厄瓜多尔天主教大学,Latin America,Ecuador,,14.9,16.3,1.3,869,840,920
圣保罗天主教大学（PUC-SP）,Latin America,Brazil,,11.4,14.5,1.2,872,843,925
波兹南理工大学,Europe,Poland,,6.8,7,6.4,877,849,931
宋卡王子大学,Asia,Thailand,,18.2,12.1,3.1,473,851,933
苏马亚公学技术大学,Asia,Jordan,,6.2,12.3,4.5,880,852,935
卡西姆大学,Asia,Saudi Arabia,,4.7,1.9,1.4,882,855,938
玛格丽特皇后大学,Europe,United Kingdom,,3.7,3.7,15,884,856,939
罗德斯大学,Africa,South Africa,,6.7,9.8,21.5,886,860,534
里加斯特拉斯大学,Europe,Latvia,,6.7,10.2,2.2,887,861,943
立命馆亚洲太平洋大学,Asia,Japan,,3.9,10.4,2.7,890,863,946
罗伯特戈顿大学,Europe,United Kingdom,,3.1,11.9,5.1,892,864,948
俄罗斯国家经济和公共行政学院院长,Europe,Russia,,4.6,6.4,1.2,895,868,950
俄罗斯 - 亚美尼亚（斯拉夫）州立大学,Asia,Armenia,,5.5,9.2,1.4,898,871,953
罗格斯堡 - 新泽西州立大学纽瓦克,North America,United States,,11,7.2,15.4,899,872,954
瑞尔森大学,North America,Canada,,6.6,22.6,29,901,418,439
圣彼得堡矿业大学,Europe,Russia,,2.8,3.4,2,907,878,962
信州大学,Asia,Japan,,2.8,2.6,12.5,929,899,978
舒利尼生物技术和管理大学,Asia,India,,6.5,19.2,29.9,931,480,431
斯洛伐克理工大学布拉迪斯拉发,Europe,Slovakia,,9,6.3,3.9,937,907,983
上智大学,Asia,Japan,,10.8,20.2,2.4,943,456,989
南乌拉尔国立大学,Europe,Russia,,7.6,4.4,2.3,945,913,990
南卫理公会大学,North America,United States,,4.7,5.4,9.8,949,917,992
苏梅州立大学,Europe,Ukraine,,4.7,3.8,2.1,958,928,999
匈牙利农业与生命科学大学,Europe,Hungary,,5.2,4,2.6,965,934,1003
塞切尼·伊什特万大学,Europe,Hungary,,6.8,17.9,1.5,966,500,1004
多特蒙德工业大学,Europe,Germany,,13.6,8.4,8,967,935,1005
科希策技术大学,Europe,Slovakia,,6.3,1.3,4.8,975,943,1014
利伯雷茨技术大学,Europe,Czech Republic,,4,2.8,4.2,976,944,1015
都柏林理工学院,Europe,Ireland,,11.4,14.6,3.4,979,947,1019
哥斯达黎加技术学院,Latin America,Costa Rica,,7.9,36.7,1.4,980,260,1020
东京科技大学,Asia,Japan,,10.8,46.2,14.5,1005,206,1042
格但斯克大学,Europe,Poland,,11.3,4.1,3.9,1012,979,1051
乌法国家航空技术大学（USATU）,Europe,Russia,,3.2,2,1.5,1014,981,1052
自治城市大学（UAM）,Latin America,Mexico,,23,17.8,2.7,363,989,1062
伊达尔戈州自治大学,Latin America,Mexico,,3.8,7.7,1.4,1029,998,1071
墨西哥州立自治大学,Latin America,Mexico,,21.7,11.2,1.5,385,1000,1073
迭戈波塔利斯大学,Latin America,Chile,,14.6,24.4,5.1,1042,392,1088
EAFIT大学,Latin America,Colombia,,11.9,49.4,2.5,1043,178,1089
圣马科斯国立大学,Latin America,Peru,,20.3,34,1.3,415,288,1103
科尔多瓦国立大学,Latin America,Argentina,,22.5,13,1.7,371,1021,1106
罗萨里奥国立大学,Latin America,Argentina,,20.1,9.4,1.2,419,1024,1110
圣路易斯国立大学,Latin America,Argentina,,4.1,2,1.3,1059,1026,1112
委内瑞拉西蒙·博利瓦尔大学,Latin America,Venezuela,,15.6,31.3,2.7,1078,316,1132
国立理工大学（UTN）,Latin America,Argentina,,3.7,27.2,1.1,1080,352,1134
托尔夸托迪特利亚大学,Latin America,Argentina,,11.3,26.7,4.7,1085,359,1139
瓜达拉哈拉大学（UDG）,Latin America,Mexico,,20.3,11.9,1.3,414,1053,1155
洛斯安第斯大学梅里达,Latin America,Venezuela,,14.3,17.7,1.3,1102,1059,1164
东方古巴圣地亚哥大学,Latin America,Cuba,,11.8,20.8,1.2,1106,444,1168
拉斯美洲普埃布拉大学（UDLAP）,Latin America,Mexico,,7.5,18.4,1.8,1120,493,1186
洛斯安第斯大学智利,Latin America,Chile,,13.9,26.8,3.4,1122,358,1189
山谷大学,Latin America,Colombia,,18,16.9,2.2,478,1082,1198
葡萄牙天主大学,Europe,Portugal,,13,12.9,5.8,1133,1085,1201
圣卡塔琳娜州联邦大学,Latin America,Brazil,,19.5,4.9,6.7,440,1095,1211
圣卡洛斯联邦大学,Latin America,Brazil,,13.2,5.3,15.9,1143,1097,1213
巴拉那联邦大学（UFP的）,Latin America,Brazil,,12.9,6.7,5,1149,1103,1219
德巴西利亚大学,Latin America,Brazil,,25,7.6,4.3,339,1109,1226
马尔凯理工大学,Europe,Italy,,5.3,2.5,50.8,1157,1114,254
费拉拉大学大学,Europe,Italy,,5.4,2.6,42.5,1159,1116,326
布拉维亚大学,Asia,Indonesia,,15,24.5,1.3,1161,390,1231
马来西亚彭亨大学,Asia,Malaysia,,9.2,8.4,23.9,1171,1128,503
玻璃市马来西亚大学,Asia,Malaysia,,6.3,4.7,6.6,1172,1129,1243
Pendidikan苏丹伊德里斯大学（UPSI）,Asia,Malaysia,,10.9,6.5,2.3,1176,1133,1247
马来西亚拉曼大学,Asia,Malaysia,,11.4,32.1,4.6,1181,302,1253
奥尔巴尼纽约州立大学,North America,United States,,8.3,7.9,43.3,1187,1142,316
阿利坎特大学,Europe,Spain,,12.7,6.5,8.4,1191,1147,1260
巴格达大学,Asia,Iraq,,9.1,9.5,1.4,1195,1152,1263
巴林大学,Asia,Bahrain,,10.5,8.6,2,1196,1153,1264
巴里大学,Europe,Italy,,11.9,3.1,23.6,1198,1155,508
布雷西亚大学,Europe,Italy,,3.6,2,46,1203,1163,293
布莱顿大学,Europe,United Kingdom,,8.3,5.7,12.3,1204,1164,1269
加尔各答大学,Asia,India,,14.4,5.9,20.4,1207,1167,556
中佛罗里达大学,North America,United States,,14.2,25.7,26,1209,373,475
中央兰开夏大学,Europe,United Kingdom,,5,4.6,5.9,1210,1171,1271
达卡大学,Asia,Bangladesh,,19.4,34.2,2.4,441,285,1280
迪拜大学,Asia,United Arab Emirates,,3.8,5,8.5,1223,1187,1281
东伦敦大学,Europe,United Kingdom,,3.5,3.3,8,1224,1189,1282
拉合尔工程技术大学,Asia,Pakistan,,7.6,42.9,4.7,1227,221,1283
格林威治大学,Europe,United Kingdom,,4,5.9,9.7,1229,1196,1285
哈特福德大学,North America,United States,,4.7,14.6,2.2,1232,1198,1286
赫特福德大学,Europe,United Kingdom,,4.1,4.7,6.3,1235,1201,1288
霍恩海姆大学,Europe,Germany,,9,4.3,30.4,1236,1202,426
哈拉德茨克拉洛夫大学,Europe,Czech Republic,,4.6,1.2,3.8,1238,1204,1289
University of Idaho ,North America,United States,,3.3,2.1,38,1242,1208,367
夸祖鲁-纳塔尔大学,Africa,South Africa,,12.5,11,19.8,1252,1220,563
林肯大学,Europe,United Kingdom,,5.6,7.2,9,1254,1224,1300
罗兹大学,Europe,Poland,,11.2,4,3.2,1255,1226,1302
路易斯维尔大学,North America,United States,,3.1,6.8,20.5,1256,1227,554
马耳他大学,Europe,Malta,,4.7,3.2,6.8,1259,1230,1303
马里博尔大学,Europe,Slovenia,,6.6,3.7,7.8,1261,1231,1305
马里兰大学，巴尔的摩县,North America,United States,,10.7,6.7,20.2,1262,1232,557
墨西拿大学,Europe,Italy,,7.2,1.9,32.1,1265,1236,419
密西西比大学,North America,United States,,3.7,4.8,8.8,1268,1241,1308
艾米利亚大学,Europe,Italy,,8.3,3.3,47.8,1272,1245,278
穆尔西亚大学,Europe,Spain,,12.2,2.1,6.1,1276,1247,1310
新英格兰大学,Oceania,Australia,,10.1,6.5,35.7,1281,1253,387
新罕布什尔大学,North America,United States,,5.5,6,28.5,1282,1254,447
帕尔马大学,Europe,Italy,,9.3,2.8,33.8,1297,1270,405
帕特雷大学,Europe,Greece,,11.7,21.1,22.8,1298,438,514
巴基斯坦白沙瓦大学,Asia,Pakistan,,5.4,6.8,15.6,1301,1273,1324
索尔福德大学,Europe,United Kingdom,,6.6,4.6,8.4,1310,1286,1330
圣托马斯大学（菲律宾）,Asia,Philippines,,10.8,23.9,1.2,1313,400,1333
首尔市立大学,Asia,South Korea,,10.1,8.9,8.3,1317,1293,1335
塔尔萨大学,North America,United States,,2.2,3.3,15.7,1336,1316,1344
秋明州立大学,Europe,Russia,,3.3,2.2,1.5,1337,1318,1345
弗罗茨瓦夫大学,Europe,Poland,,15,13.7,4.7,1347,1330,1353
怀俄明大学,North America,United States,,2.2,1.8,24.5,1348,1331,496
萨格勒布大学,Europe,Croatia,,15.8,5.5,4.3,1349,1332,1354
旁遮普大学,Asia,Pakistan,,13.5,50.1,8.1,1351,173,1358
英国西部大学,Europe,United Kingdom,,9.2,9.9,10.7,1353,1336,1359
日利纳大学,Europe,Slovakia,,4.5,1,5.6,1355,1338,1361
佩鲁贾大学,Europe,Italy,,8.2,2.1,44.5,1358,1342,303
罗马帝国大学,Europe,Italy,,16.8,6.1,16.1,1360,1344,1362
杜伊斯堡-埃森大学,Europe,Germany,,10.9,5.3,13,1362,1347,1365
洛林大学,Europe,France,,12.7,4.3,10.7,1377,1370,1383
南特大学,Europe,France,,10.3,2.9,18,1378,1372,581
雷恩第一大学,Europe,France,,15.8,3.4,20.9,1380,1375,544
维罗纳大学,Europe,Italy,,8.4,5,37.7,1391,1388,370
胡志明市国家大学,Asia,Vietnam,,20.5,18.5,1.8,408,491,1394
越南河内国家大学,Asia,Vietnam,,16.6,14.7,2.3,1393,1390,1395
维陶塔斯·马格纳斯大学,Europe,Lithuania,,11.6,17.9,3.5,1397,499,1400
伍斯特理工学院,North America,United States,,3.5,6.6,26.4,1405,1404,469
弗罗茨瓦夫理工大学,Europe,Poland,,11.4,20.4,5.3,1406,450,1410
武汉理工大学,Asia,China (Mainland),,5.4,2.1,33.3,1407,1405,411
山口大学,Asia,Japan,,3.5,1.6,5.3,1409,1408,1412
埃里温州立大学,Asia,Armenia,,6.2,3.9,1.7,1411,1410,1414
岭南大学,Asia,South Korea,,4.4,3.5,22,1413,1412,529
横滨国立大学,Asia,Japan,,10.3,17.1,9.9,1416,1415,1417
郑州大学,Asia,China (Mainland),,4.9,17.3,46.6,1421,1420,286
圣城大学耶路撒冷的阿拉伯大学,Asia,"Palestinian Territory, Occupied",,3.2,6.3,1.6,514,515,614
亚历山大大学,Africa,Egypt,,19.6,10.4,1.9,436,518,618
阿里格尔穆斯林大学,Asia,India,,8.3,3.5,9,519,521,621
爱美大学,Asia,India,,6.6,6.4,4.4,526,525,627
阿米里大学,Asia,India,,3.3,4.1,4.7,527,526,628
安纳哈大学,Asia,"Palestinian Territory, Occupied",,4.8,18,2.2,528,498,629
安卡拉大学,Asia,Turkey,,16.6,10.8,2.7,530,528,631
亚洲台湾大学,Asia,Taiwan,,5.4,1.9,25.2,534,531,486
艾斯尤特大学,Africa,Egypt,,9.5,5.4,2.3,535,532,635
雅典经商大学,Europe,Greece,,6.7,38,19,538,248,574
奥本大学,North America,United States,,6.6,9.1,22.1,539,534,527
阿塞拜疆国立经济大学,Asia,Azerbaijan,,7.7,5.2,1.1,542,538,640
布拉克大学,Asia,Bangladesh,,9.1,20.3,1.7,543,454,641
宝贝博爱大学,Europe,Romania,,15.6,11.8,4.5,544,539,642
巴库州立大学,Asia,Azerbaijan,,7.4,1.9,1.3,546,541,644
班纳拉斯印度大学,Asia,India,,10.3,5.5,8.6,547,542,645
贝勒大学,North America,United States,,5.6,9.1,9.4,551,545,649
白俄罗斯国立信息大学和放射性电子学系,Europe,Belarus,,6.6,19.4,1.3,561,474,655
普埃布拉自治大学,Latin America,Mexico,,14.9,7.4,1.9,563,557,656
比勒费尔德大学,Europe,Germany,,13.7,3.1,8.7,564,558,657
建国大学（BINUS）,Asia,Indonesia,,9.2,11.8,1.7,565,559,659
纽约州立大学宾厄姆顿大学,North America,United States,,6.3,8,20.6,566,560,552
伯拉科技学院,Asia,India,,7.4,16.6,17.5,568,562,590
伯明翰城市大学,Europe,United Kingdom,,5,4.3,3,569,563,660
杨百翰大学,North America,United States,,6.8,7.8,15.6,574,568,665
Brock University,North America,Canada,,3.2,11.3,19.3,577,570,571
Universidad CEU San Pablo ,Europe,Spain,,3.4,6.3,2.3,580,572,669
COMSATS信息技术研究所,Asia,Pakistan,,9.4,23.6,9,581,405,670
CUNY The City College of New York,North America,United States,,4.5,1.7,18.6,582,573,578
坎特伯雷基督教大学,Europe,United Kingdom,,5.9,1.7,4.3,588,579,678
忠北国立大学,Asia,South Korea,,3.7,2.8,8,610,599,693
布达佩斯科维纳斯大学,Europe,Hungary,,11,17.2,3.3,621,609,700
同志社大学,Asia,Japan,,8,15.7,2.1,634,619,713
国立理工学院,Latin America,Ecuador,,5.9,9.8,3.5,644,628,719
高等政治学院（ESPOL）,Latin America,Ecuador,,11.2,15.3,2.5,645,629,720
俄罗斯联邦政府金融大学,Europe,Russia,,4.6,6.8,1.5,649,634,725
福坦莫大学,North America,United States,,6.1,9.7,6.6,653,637,728
未来大学 - 埃及,Africa,Egypt,,3,23.5,1.7,657,408,731
加兹大学,Asia,Turkey,,13.7,10.1,4.7,658,642,733
乔治·梅森大学,North America,United States,,8.8,7.1,12.7,661,645,736
格拉斯哥卡利多尼安大学,Europe,United Kingdom,,4.4,5,7.1,666,649,740
哈珀亚当斯大学学院,Europe,United Kingdom,,4.1,19.8,11.8,676,468,750
华中农业大学,Asia,China (Mainland),,3.1,1.7,36.2,685,668,384
伊玛目穆罕默德·本·沙特伊斯兰大学,Asia,Saudi Arabia,,7,2.5,1.5,694,676,765
伊斯坦布尔艾登大学,Asia,Turkey,,3.1,2.9,1.4,715,694,779
伊凡弗兰柯利沃夫国立大学,Europe,Ukraine,,2.3,5.8,1.5,717,697,783
济州国立大学,Asia,South Korea,,3.2,1.9,5.1,724,705,789
江南大学,Asia,China (Mainland),,3.3,5.9,14.4,726,707,791
江原大学,Asia,South Korea,,4,5,10.9,736,716,796
哈萨克斯坦Ablai汗国际关系与世界语言大学,Asia,Kazakhstan,,5.5,6.6,1,740,720,801
喀山国立研究理工大学,Europe,Russia,,3.3,3.5,1.5,743,723,805
肯特州立大学,North America,United States,,6,5,18.7,745,725,575
Kharkiv National University Of Radio Electronics,Europe,Ukraine,,2.8,11.2,1.6,747,727,807
国民大学,Asia,South Korea,,3.5,3.7,3.7,757,738,818
科威特大学,Asia,Kuwait,,13.3,7.7,2.9,759,740,820
京都工艺纤维大学,Asia,Japan,,6,4.2,13.5,761,742,822
九州工业大学,Asia,Japan,,4.2,4.6,23.7,764,744,506
利兹贝克特大学,Europe,United Kingdom,,4,12.4,6.9,769,746,830
马凯特大学,North America,United States,,3,4.4,8.9,791,766,851
俄罗斯化工大学门捷列夫,Europe,Russia,,3.7,3.6,2.5,797,771,857
密西西比州立大学,North America,United States,,5.5,8.6,17.1,801,775,595
多媒体大学（MMU）,Asia,Malaysia,,7.1,17.4,5.7,805,779,863
穆斯林西里大学,Asia,Iraq,,3.2,4.5,1.2,807,781,864
慕达大学,Asia,Jordan,,5.8,5.1,1.6,808,782,865
米科罗斯罗美斯大学,Europe,Lithuania,,5.1,9.4,4.9,809,783,866
名古屋工业大学 (NIT),Asia,Japan,,5.3,2.5,18,812,786,582
南京师范大学,Asia,China (Mainland),,3.5,1.6,16.5,814,788,869
台湾海洋大学,Asia,Taiwan,,5,2.7,10,826,800,880
基辅-莫伊拉学院国立大学,Europe,Ukraine,,4.9,11.1,1.1,829,802,884
南北大学,Asia,Bangladesh,,10.4,37.2,1.9,834,255,889
西北大学,Africa,South Africa,,7,8.5,12.6,835,807,890
中国海洋大学,Asia,China (Mainland),,4.1,1.6,32.5,848,819,416
Odessa I.I.Mechnikov National University,Europe,Ukraine,,4,2,1.4,849,820,902
俄亥俄大学,North America,United States,,8.5,12.1,15.6,850,821,903
蒙彼利埃第三大学,Europe,France,,12.1,2,3.3,860,831,911
罗彻斯特理工大学 (RIT),North America,United States,,4.6,6.9,8.3,893,865,949
埼玉大学,Asia,Japan,,3.6,2.1,20.6,908,879,553
圣地亚哥州立大学,North America,United States,,4.4,3.9,20.9,912,883,545
萨蒂亚巴马科技学院,Asia,India,,4,11.3,4.1,914,885,968
西雅图大学,North America,United States,,4.6,3.9,3.3,916,887,970
国立首尔科学技术大学,Asia,South Korea,,5.7,3.5,9.9,919,890,972
德黑兰沙希德·贝什蒂大学,Asia,"Iran, Islamic Republic of",,8.5,7.3,25.8,920,891,481
上海外国语大学,Asia,China (Mainland),,4.3,2.3,1.5,922,892,973
谢菲尔德哈勒姆大学,Europe,United Kingdom,,6.1,14.2,5.4,926,896,976
西伯利亚联邦大学,Europe,Russia,,7,3.9,3.1,932,901,979
Siksha 'O' Anusandhan 大学,Asia,India,,2.7,2.5,4.2,933,903,980
Gliwice西里西亚理工大学,Europe,Poland,,5,3.9,6.1,934,904,981
淑明女子大学,Asia,South Korea,,3.6,5.2,5,941,910,987
泰拜大学,Asia,Saudi Arabia,,4.1,1.7,2.8,968,936,1006
塔林大学,Europe,Estonia,,8.5,5.3,8.9,970,938,1007
卢布林技术大学,Europe,Poland,,4.2,1.4,3.3,977,945,1016
工程电信学院,Asia,Indonesia,,5.7,7.6,1.4,981,948,1022
德克萨斯理工大学,North America,United States,,10.1,14.2,14.7,983,950,1023
塔帕尔大学,Asia,India,,2.2,3.2,39.2,984,951,357
俄罗斯赫尔辛国立教育大学,Europe,Russia,,3.5,1.9,1.2,988,955,1029
奥西耶克大学,Europe,Croatia,,3.3,,2.8,989,956,1030
别尔哥罗德国立大学,Europe,Russia,,3,1.3,2.1,990,957,1031
阿拉巴马大学,North America,United States,,8.7,26.6,13.8,993,362,1034
拉合尔大学,Asia,Pakistan,,8.2,16,2,994,960,1035
北安普顿大学,Europe,United Kingdom,,3,2.8,3.3,995,961,1036
东海大学（日本）,Asia,Japan,,10.1,6.9,3.3,1000,965,1039
托马斯拔佳大学，兹林,Europe,Czech Republic,,3.7,10.5,6.5,1006,970,1043
孙德胜大学,Asia,Vietnam,,5.5,8.5,16,1007,972,1045
安德烈斯·贝洛大学 - UNAB,Latin America,Chile,,9.8,15.4,2.9,1017,986,1057
智利南方大学,Latin America,Chile,,15.5,11.6,6.7,1019,987,1060
阿瓜斯卡连特斯自治大学,Latin America,Mexico,,3.2,1.8,1.4,1021,990,1063
新莱昂自治大学（UANL）,Latin America,Mexico,,15.2,15.9,1.8,1026,995,1068
桑坦德工业大学,Latin America,Colombia,,10.2,26.1,2.4,1046,367,1093
拉美理工大学,Latin America,Costa Rica,,7.1,22.4,,1048,423,1095
国立农业大学,Latin America,Peru,,6.1,9.9,1.5,1053,1018,1100
库约国立大学,Latin America,Argentina,,12.2,6.8,1.7,1055,1020,1105
里奥夸尔托国立大学,Latin America,Argentina,,4.6,1.4,1.5,1058,1025,1111
亚松森国立大学,Latin America,Paraguay,,5.7,10.3,1.1,1062,1029,1115
哥斯达黎加国立大学,Latin America,Costa Rica,,9.3,21,1.5,1067,439,1120
秘鲁应用科技大学,Latin America,Peru,,9.2,29.3,1.1,1071,331,1124
胡安卡洛斯国王大学,Europe,Spain,,7.2,9.3,4.5,1075,1037,1129
巴拿马大学（UTP）,Latin America,Panama,,8.8,20.1,1,1082,460,1136
大西洋学院费德里科圣玛丽亚大学,Latin America,Chile,,10.4,38,5.6,1086,247,1140
卡斯蒂利亚 - 拉曼恰大学,Europe,Spain,,8.4,2,9.6,1093,1050,1149
科尔多瓦大学,Latin America,Colombia,,16.7,4,1.5,1095,1052,1154
利马大学,Latin America,Peru,,9.9,33,1.1,1101,295,1163
蒙特雷大学,Latin America,Mexico,,11.5,12,1.5,1104,1061,1166
奥维耶多大学,Europe,Spain,,11.3,2.5,14,1107,1062,1169
塔尔卡大学,Latin America,Chile,,10.2,9.6,5.3,1116,1071,1180
Universidad de Valladolid,,,,9.8,3.4,5.9,1118,1073,1182
瓦尔帕莱索大学,Latin America,Chile,,10,8.9,3.6,1119,1074,1183
城北大学,Latin America,Colombia,,9.3,28.3,2.5,1127,340,1194
太平洋大学,Latin America,Peru,,7.1,35.9,2.7,1128,271,1195
茹伊斯迪福拉联邦大学,Latin America,Brazil,,3.4,2.3,3.2,1139,1091,1207
佩洛塔斯联邦大学,Latin America,Brazil,,4.5,1.3,5.5,1140,1093,1209
伯南布哥联邦大学,Latin America,Brazil,,12.3,2.8,3.8,1141,1094,1210
大学科鲁尼亚大学,Europe,Spain,,5,5.8,7.7,1153,1108,1225
维戈大学,Europe,Spain,,7.8,4.5,15.6,1154,1111,1227
里约热内卢州立大学 (UERJ),Latin America,Brazil,,8.7,4.6,3.2,1156,1113,1229
哈桑丁大学,Asia,Indonesia,,10.3,7,1.4,1162,1118,1232
马凯特大学,Asia,Indonesia,,8.8,7.2,1.5,1165,1120,1236
吉隆坡大学（UniKL）,Asia,Malaysia,,6.3,5.4,2,1170,1127,1242
马来西亚沙巴大学（UMS）,Asia,Malaysia,,13.1,9.2,3.6,1173,1130,1244
马来西亚沙捞越大学（UNIMAS）,Asia,Malaysia,,11.4,7.8,3.2,1174,1131,1245
马来西亚登嘉楼大学,Asia,Malaysia,,9.1,4.1,7.2,1175,1132,1246
马来西亚大学侯赛因大学（UTHM）,Asia,Malaysia,,7.8,5.7,6.6,1180,1136,1252
费萨拉巴德农业大学,Asia,Pakistan,,5.1,10.2,34.1,1188,1144,402
阿肯色大学,North America,United States,,6.9,6,12.7,1192,1149,1261
贝尔格莱德大学,Europe,Serbia,,17.2,6.9,5.8,492,1158,1267
比亚韦斯托克大学,Europe,Poland,,5.1,3.2,2.5,1201,1160,1268
布加勒斯特大学,Europe,Romania,,14.6,11.4,4.1,1205,1165,1270
卡拉布里亚大学,Europe,Italy,,4.8,1.8,25,1206,1166,491
德比大学,Europe,United Kingdom,,3.8,4.6,4.2,1222,1186,1279
University of Hawaii at Hilo,North America,United States,,3.1,2.6,10.5,1233,1199,1287
库法大学,Asia,Iraq,,3.6,8.4,1.3,1251,1219,1298
拉脱维亚大学,Europe,Latvia,,12.5,14.5,8.2,1253,1221,1299
米什科尔茨大学,Europe,Hungary,,5.8,5.3,2.2,1267,1240,1307
University of Missouri Saint Louis ,North America,United States,,3.8,6.4,18.7,1269,1242,577
密苏里大学堪萨斯城分校,North America,United States,,4.5,5.4,14.4,1271,1244,1309
蒙大拿大学,North America,United States,,2.2,2.4,27,1274,1246,464
孟买大学,Asia,India,,8.2,18.1,20.9,1275,495,543
内罗毕大学,Africa,Kenya,,9.4,14.9,1.9,1277,1248,1311
帕尔特诺佩大学,Europe,Italy,,3.1,1.7,42.7,1278,1250,323
北德克萨斯大学,North America,United States,,6.9,7.9,20.8,1287,1259,546
俄斯特拉发大学,Europe,Czech Republic,,5,1,4.4,1292,1266,1319
巴勒莫大学,Europe,Italy,,9.8,2.3,27,1294,1267,463
潘诺尼亚大学,Europe,Hungary,,4.3,3.1,9.8,1295,1268,1320
帕尔杜比采大学,Europe,Czech Republic,,4.4,1.7,4.3,1296,1269,1321
佩拉德尼亚大学,Asia,Sri Lanka,,7.2,5.6,2,1300,1272,1323
Primorska大学,Europe,Slovenia,,2.8,1.8,9.5,1304,1278,1325
University of Regina,North America,Canada,,3,4.2,20.4,1305,1279,555
罗德岛大学,North America,United States,,4.8,3.2,16.2,1306,1280,1326
里耶卡大学,Europe,Croatia,,5.4,2.6,3.9,1307,1281,1327
萨莱诺大学,Europe,Italy,,7.5,2.3,31.9,1309,1285,420
圣地亚哥大学,North America,United States,,7.1,6,3.3,1311,1287,1331
旧金山大学,North America,United States,,7.4,4.6,4.6,1312,1288,1332
德克萨斯大学圣安东尼奥分校,North America,United States,,6.3,4.4,27.5,1332,1310,456
University of Toledo,North America,United States,,3.2,6.1,25.1,1333,1311,488
University of Warmia and Mazury in Olsztyn,Europe,Poland,,4.4,9,3.3,1341,1324,1347
威斯康星大学密尔沃基分校,North America,United States,,7.8,4.5,15.6,1345,1328,1351
伍尔弗汉普顿大学,Europe,United Kingdom,,2.9,2.7,7.9,1346,1329,1352
太平洋大学（加利福尼亚）,North America,United States,,2,3.8,3.7,1350,1334,1356
阳光海岸大学,Oceania,Australia,,2.6,2.9,22.9,1352,1335,513
西开普大学,Africa,South Africa,,7.9,7.1,13.2,1354,1337,1360
图西亚大学,Europe,Italy,,3,1.1,31.2,1357,1340,423
乌迪内大学,Europe,Italy,,6.5,3.2,22.4,1359,1343,521
锡根大学,Europe,Germany,,4.1,2.1,5.5,1367,1355,1372
里昂第二大学,Europe,France,,11.2,2,5.5,1371,1362,1375
图卢兹第一大学,Europe,France,,13.2,3.3,2.5,1374,1366,1380
普瓦捷大学,Europe,France,,8,2.5,7.4,1379,1374,1384
图卢兹第二大学,Europe,France,,10.1,2.2,4.4,1383,1379,1386
犹他州立大学,North America,United States,,6.4,3.8,23.6,1386,1383,507
Vancouver Island University,North America,Canada,,5.2,4.6,,1389,1386,1392
维多利亚大学,Asia,India,,9.3,9.2,15.9,1390,1387,1393
沃罗涅日州立大学,Europe,Russia,,5.6,2.3,1.3,1396,1392,1399
华沙生命科学大学,Europe,Poland,,7.3,7.2,5.4,1399,1397,1402
西弗吉尼亚大学,North America,United States,,6,7.4,22.5,1402,1401,520
西密歇根大学,North America,United States,,5.7,6.6,6.2,1403,1402,1407
西交利物浦大学,Asia,China (Mainland),,3.9,2,6.4,1408,1406,1411
伊尔第兹技术大学,Asia,Turkey,,6.7,15,5.9,1414,1413,1415
唐州技术大学,Europe,Russia,,3.7,3.6,1.4,501,501,601
阿克登尼兹大学,Asia,Turkey,,4.3,3.5,2.9,512,513,612
阿兹哈尔大学,Africa,Egypt,,9.5,5,1.3,515,516,615
阿尔巴尔卡应用大学,Asia,Jordan,,3.8,5.6,2.3,516,517,616
亚历山德鲁伊万库扎大学,Europe,Romania,,7.1,7,3.2,517,519,619
阿纳多卢大学,Asia,Turkey,,3.2,4.7,3.4,529,527,630
青山学院大学,Asia,Japan,,5.8,12.9,2.3,532,530,632
巴哈德丁扎卡里亚大学,Asia,Pakistan,,4.8,6.3,9.6,545,540,643
比尔泽特大学,Asia,"Palestinian Territory, Occupied",,5.1,11.8,2.5,570,564,661
埃及不列颠大学,Africa,Egypt,,4.5,3.5,2,575,569,666
California Polytechnic State University,North America,United States,,3.1,10.8,3.8,584,576,674
California State University - Los Angeles ,North America,United States,,4.4,2.5,3.4,585,577,675
科尔多瓦天主教大学,Latin America,Argentina,,4.4,2.5,1.2,591,581,679
Central Michigan University,North America,United States,,3.3,6.6,7.6,592,582,680
中国政法大学,Asia,China (Mainland),,3.9,16.7,1.1,605,594,688
中原基督教大学,Asia,Taiwan,,4.4,5.1,14.2,608,598,691
Cleveland State University,North America,United States,,3.8,5.1,5.8,615,604,696
杜库斯埃勒大学,Asia,Turkey,,4.4,5.6,3.8,631,616,711
爱琴海大学,Asia,Turkey,,6.9,9.9,2.8,637,621,715
逢甲大学,Asia,Taiwan,,8.2,8.9,7.4,648,633,724
佛罗里达大西洋大学,North America,United States,,4.6,6.4,10.7,651,636,726
辅仁大学,Asia,Taiwan,,6.3,10.3,7.3,655,640,729
波哥大 - 豪尔赫大学塔尔多洛扎诺大学,Latin America,Colombia,,5.2,7.9,1.9,656,641,730
GebzeYüksekTeknolojiEnstitüsü（GYTE）,Asia,Turkey,,2.7,1.6,9.3,660,644,735
德国大学，开罗,Africa,Egypt,,6.5,7.5,2.1,664,647,738
河内科技大学,Asia,Vietnam,,7.6,6.8,5.3,674,657,749
赫尔湾大学,Africa,Egypt,,6,9.1,1.6,678,661,752
河海大学,Asia,China (Mainland),,3.5,1.4,12.3,681,663,755
弘益大学,Asia,South Korea,,4.1,5.1,3.2,683,666,757
Humboldt State University,North America,United States,,3.6,2.4,4.9,686,669,759
Illinois State University,North America,United States,,3.3,4.1,5.3,692,674,763
印第安纳州立大学,North America,United States,,5.3,5.8,3.3,702,683,767
伊斯兰玛巴德国际伊斯兰大学(IIU),Asia,Pakistan,,5.8,12.1,7.3,711,688,775
伊尔库茨克州立大学,Europe,Russia,,3.1,1.5,1.5,713,692,777
伊斯坦布尔Bilgi大学,Asia,Turkey,,3.5,5.3,2.1,716,695,780
伊兹密尔技术学院（IYTE）,Asia,Turkey,,5.1,2.3,10,719,699,785
贾米亚·哈姆达德，新德里,Asia,India,,3.9,2.7,11.5,722,702,787
近畿大学,Asia,Japan,,4.4,5.1,4.9,750,730,810
先皇技术学院,Asia,Thailand,,7.4,13.1,3,754,734,814
关西学院大学,Asia,Japan,,3.3,7.4,3.2,760,741,821
锡比乌大学,Europe,Romania,,3.1,2.5,1.7,780,756,840
俄罗斯技术大学（MIREA）,Europe,Russia,,3.6,3.6,1.5,783,758,843
马克雷雷大学,Africa,Uganda,,9.4,6.6,4.6,785,760,845
曼苏拉大学,Africa,Egypt,,11.1,5.8,2.4,789,764,849
马尔马拉大学,Asia,Turkey,,5.2,5.1,2.2,790,765,850
明治大学,Asia,Japan,,6.4,22.1,1.8,794,429,855
迈阿密大学（俄亥俄）,North America,United States,,3.7,6,10.7,798,772,858
莫斯科城市大学,Europe,Russia,,4.1,1.9,1.1,803,777,860
莫斯科国立师范大学,Europe,Russia,,6.5,3.1,1.5,804,778,862
国立东华大学,Asia,Taiwan,,5,2.4,6.8,818,793,873
国家研究型大学“莫斯科动力学院”,Europe,Russia,,4,3.4,2,823,798,877
国立台北大学,Asia,Taiwan,,6.7,4.2,3.5,824,799,878
乌克兰国立生命与环境科学大学,Europe,Ukraine,,5.1,4.4,1.3,830,803,885
北亚利桑那大学,North America,United States,,6.6,6.1,13.9,836,809,891
Nova Southeastern University,North America,United States,,2.9,4.7,3.4,844,815,897
海得拉巴奥斯曼尼亚大学,Asia,India,,4,3.2,16.2,847,818,901
班贾布大学,Asia,India,,5.5,3.2,17,858,829,599
Madre y Maestra天主教主教大学,Latin America,Dominican Republic,,4.6,8.5,1.2,868,839,916
坎皮纳斯天主教大学 ,Latin America,Brazil,,4.9,4,2,870,841,923
巴拉那天主教大学,Latin America,Brazil,,4.1,3.2,4.7,873,844,926
里奥格兰德天主教大学,Latin America,Brazil,,6.9,4.3,5.4,874,845,927
波特兰州立大学,North America,United States,,4.3,3.4,11.3,875,847,929
釜庆大学,Asia,South Korea,,5,3.2,10.2,881,853,936
立教大学,Asia,Japan,,3.3,10,2.8,889,862,945
俄罗斯国立农业大学,Europe,Russia,,5.4,3.2,1.3,896,869,951
俄罗斯国立人文大学RGGU,Europe,Russia,,4.5,2.4,1.3,897,870,952
"Rutgers, The State University of New Jersey, Camden",North America,United States,,3.8,4.2,3.9,900,873,955
SRM大学,Asia,India,,4.9,8,3.2,903,876,958
哈萨克农业大学,Asia,Kazakhstan,,6.5,4.7,1.2,910,881,964
San Francisco State University,North America,United States,,4,2.5,5.8,913,884,966
上海师范大学,Asia,China (Mainland),,3.5,1.4,3,923,893,974
上海财经大学,Asia,China (Mainland),,4,4,3,924,895,975
芝浦工业大学,Asia,Japan,,3.1,2.6,7,928,898,977
斯洛伐克农业大学，尼特拉,Europe,Slovakia,,4.6,4.1,4.4,936,906,982
东吴大学（台湾）,Asia,Taiwan,,4.3,7.2,1.9,940,909,986
崇实大学,Asia,South Korea,,3.3,7,5.3,942,911,988
西南大学,Asia,China (Mainland),,3.1,1.6,12.6,951,919,993
苏恰瓦大学,Europe,Romania,,3.3,2.2,3.8,953,921,995
苏伊士运河大学,Africa,Egypt,,3.2,2.7,2.2,956,926,997
泰国苏兰拉工业大学,Asia,Thailand,,5.7,3,9,961,930,1002
台湾淡江大学,Asia,Taiwan,,5,5.6,6.3,972,940,1009
坦达大学,Africa,Egypt,,5,2.3,2.1,973,941,1010
克卢日纳波卡技术大学,Europe,Romania,,4.5,5,3.5,974,942,1013
格奥尔基·阿萨卡技术大学,Europe,Romania,,5.3,6,5.7,985,952,1025
哈希姆大学,Asia,Jordan,,6.2,9.9,3.4,987,954,1028
澳洲圣母大学,Oceania,Australia,,3,5.5,7.4,996,962,1037
德克萨斯大学阿灵顿大学,North America,United States,,5.7,5.9,11.8,998,963,1038
巴甫洛达尔国立大学,Asia,Kazakhstan,,5.1,3.7,1.3,1008,974,1046
罗马尼亚布拉索夫特兰西瓦大学,Europe,Romania,,4.5,3.2,3.1,1009,975,1047
东海大学,Asia,Taiwan,,5.4,7.2,3.9,1011,978,1049
尤卡坦自治大学,Latin America,Mexico,,4.7,1.6,2.4,1020,988,1061
南下加利福尼亚州自治大学,Latin America,Mexico,,7.6,5.3,1.5,1022,991,1064
智利大学,Latin America,Chile,,5.2,2.6,2.6,1024,993,1066
克雷塔罗自治大学,Latin America,Mexico,,4.4,3.4,2.6,1027,996,1069
圣路易斯波托西自治大学,Latin America,Mexico,,6.2,2.2,2.5,1028,997,1070
自治大学德尔斯卡德莫雷洛斯,Latin America,Mexico,,3.6,2.2,1.6,1030,999,1072
贝纳多奥希金斯大学,Latin America,Chile,,3.8,1.4,2,1031,1001,1074
哥伦比亚天主教大学,Latin America,Colombia,,5.5,8,1.5,1033,1003,1078
至圣理念的天主教大学 - 加州大学圣克鲁兹分校,Latin America,Chile,,3.5,2.4,2.5,1034,1004,1079
城北天主教大学,Latin America,Chile,,5,4.1,5.8,1037,1007,1082
智利中央大学,Latin America,Chile,,4.7,4.9,1.7,1040,1010,1085
厄瓜多尔中央大学,Latin America,Ecuador,,9.3,8.8,1.2,1041,1011,1087
拉萨尔大学（ULSA）,Latin America,Mexico,,3.3,16.4,1.1,1047,1013,1094
圣安德烈市长大学,Latin America,Bolivia,,6,3.6,1.6,1049,1014,1096
委内瑞拉都会大学,Latin America,Venezuela,,8.3,17.6,1.1,1051,1016,1098
马德普拉塔国立大学,Latin America,Argentina,,9.6,3,3.7,1056,1022,1108
基尔梅斯国立大学,Latin America,Argentina,,7,2.2,1.9,1057,1023,1109
圣马丁全国大学（UNSAM）,Latin America,Argentina,,11,3.4,2.5,1060,1027,1113
图库曼国立大学,Latin America,Argentina,,7.4,2.5,1.9,1061,1028,1114
国立大学,Latin America,Argentina,,4.1,2.2,1.4,1064,1031,1117
德尔滨海国立大学,Latin America,Argentina,,11.6,6,2.5,1065,1032,1118
国立大学戴尔苏尔,Latin America,Argentina,,5.7,2.5,2.5,1066,1033,1119
普埃布拉大学,Latin America,Mexico,,4.4,6.5,1.2,1074,1036,1128
洛约拉大学 (USIL),Latin America,Peru,,5.8,12.8,1.2,1077,1039,1131
洛哈技术大学,Latin America,Ecuador,,4.3,4.7,1.7,1079,1040,1133
佩雷拉科技大学,Latin America,Colombia,,4,8.2,1.9,1083,1042,1137
哈瓦那科技大学,Latin America,Cuba,,6.4,1.2,1.1,1084,1043,1138
委内瑞拉大学,Latin America,Mexico,,8.7,4,1.4,1087,1044,1141
大学德卡尔达斯,Latin America,Colombia,,5.5,4.2,1.7,1090,1047,1146
卡拉沃沃大学,Latin America,Venezuela,,4.9,11.1,1,1091,1048,1147
卡塔赫纳大学,Latin America,Colombia,,3.9,6.8,10.3,1092,1049,1148
昆卡大学,Latin America,Ecuador,,5.6,3.6,2.1,1094,1051,1153
瓜纳华托大学,Latin America,Mexico,,7.7,3.4,3.1,1096,1054,1156
拉弗龙特拉大学(UFRO),Latin America,Chile,,8.4,5,9.2,1097,1055,1157
拉萨尔大学,Latin America,Colombia,,5.7,6.2,1.2,1098,1056,1160
德拉塞雷纳大学,Latin America,Chile,,3.2,3.2,7.3,1099,1057,1161
美洲大学（UDLA）厄瓜多尔大学,Latin America,Ecuador,,6,8,1.6,1100,1058,1162
麦德林大学,Latin America,Colombia,,6.6,9.2,2,1103,1060,1165
巴拿马大学（UP）,Latin America,Panama,,6.4,12.5,1.1,1109,1064,1171
德皮乌拉大学,Latin America,Peru,,5.6,13.2,1.2,1110,1065,1172
波多黎各大学,Latin America,Puerto Rico,,9.2,11,2.5,1111,1066,1173
大学德圣卡洛斯危地马拉 - USAC,Latin America,Guatemala,,7.6,12.8,1,1113,1067,1175
桑坦德大学 - UDES,Latin America,Colombia,,3.4,3.2,1.4,1114,1068,1176
索诺拉大学,Latin America,Mexico,,4.1,2.1,1.8,1115,1070,1179
厄瓜多尔军事理工学院,Latin America,Ecuador,,4.7,9.5,1.7,1121,1076,1187
比奥比奥大学,Latin America,Chile,,7.9,4.6,3.4,1123,1077,1190
考卡大学,Latin America,Colombia,,10,4.1,1.7,1124,1078,1191
德拉斯洛罗大学,Latin America,Chile,,5.9,14.5,2.3,1125,1079,1192
Magdalena大学,Latin America,Colombia,,4.5,7.2,1.4,1126,1080,1193
萨尔瓦多大学,Latin America,Argentina,,4.1,9.7,1.1,1130,1081,1197
山谷大学墨西哥（UVM）,Latin America,Mexico,,2.9,17.3,1,1131,1083,1199
祖利亚大学,Latin America,Venezuela,,9.1,11,2.8,1132,1084,1200
隆德里纳州立大学,Latin America,Brazil,,2.9,4.6,3.8,1134,1086,1202
弗鲁米嫩塞联邦大学,Latin America,Brazil,,8.9,3.2,3.6,1135,1087,1203
巴伊亚联邦大学,Latin America,Brazil,,8.2,3,3.2,1136,1088,1204
帕拉伊巴州联邦大学,Latin America,Brazil,,3.3,3,3.2,1137,1089,1205
戈亚斯州联邦大学,Latin America,Brazil,,3.2,1.5,4.4,1138,1090,1206
圣玛丽亚联邦大学,Latin America,Brazil,,5.3,1.7,4.9,1142,1096,1212
乌贝兰迪亚联邦大学,Latin America,Brazil,,3.1,2.2,3.3,1145,1099,1215
维索萨联邦大学,Latin America,Brazil,,4.5,2.1,8.6,1146,1100,1216
塞阿拉联邦大学（UFC）,Latin America,Brazil,,6.9,3,5.9,1147,1101,1217
里约热内卢州联邦大学 - UNIRIO,Latin America,Brazil,,2.7,1.9,2.2,1148,1102,1218
帕拉州联邦大学 - 非制冷焦平面,Latin America,Brazil,,2.8,1.9,2.5,1150,1104,1220
联邦大学北约里奥格兰德北大学,Latin America,Brazil,,3.8,2.2,2.7,1151,1105,1221
麦肯齐长老会大学,Latin America,Brazil,,3.2,9.2,1.8,1152,1107,1224
圣卡塔琳娜州立大学,Latin America,Brazil,,3.2,1.4,1.9,1155,1112,1228
加布里埃莱·达嫩齐奥大学,,,,3,1.2,23.5,1158,1115,510
安达拉斯大学,Asia,Indonesia,,5.3,3.1,1.3,1160,1117,1230
梭罗大学,Asia,Indonesia,,4,1.9,1.1,1163,1119,1234
北苏门答腊大学,Asia,Indonesia,,5.9,3.9,1.3,1166,1121,1237
蒂米什瓦拉西部大学,Europe,Romania,,8.8,6.2,2.8,1169,1125,1239
布加勒斯特理工大学,Europe,Romania,,5.7,7.9,6.4,1183,1138,1256
蒂米什瓦拉理工大学,Europe,Romania,,3,3.2,3.6,1185,1140,1258
巴比伦大学,Asia,Iraq,,3.3,5,1.9,1194,1151,1262
巴士拉大学,Asia,Iraq,,4,5,1.4,1199,1156,1266
University of Central Oklahoma,North America,United States,,3,1.2,1.3,1211,1172,1272
科伦坡大学,Asia,Sri Lanka,,10.2,8.6,2.9,1214,1176,1274
加纳大学,Africa,Ghana,,9.2,6.2,5.5,1228,1194,1284
对外经济贸易大学,Asia,China (Mainland),,3.2,1.8,2.4,1243,1209,1291
卡拉奇大学,Asia,Pakistan,,10.3,15.7,4.4,1246,1213,1294
喀土穆大学,Africa,Sudan,,5.8,6.2,2.6,1248,1216,1295
克拉古耶瓦茨大学,Europe,Serbia,,3.5,2.7,3.5,1250,1218,1297
University of Memphis,North America,United States,,3,6.2,10.5,1264,1235,1306
尼斯大学,Europe,Serbia,,4.9,4.4,2.9,1284,1256,1313
北卡罗来纳大学夏洛特分校,North America,United States,,5.6,5.1,13.1,1285,1257,1314
University of North Carolina at Greensboro,North America,United States,,3.2,5.2,10.9,1286,1258,1315
University of Northern British Columbia,North America,United States,,3.4,15.1,,1288,1260,1316
诺维萨德大学,Europe,Serbia,,7.9,4.6,3.5,1289,1261,1317
热罗姆大学,Europe,Poland,,3.9,1.1,2.4,1308,1283,1328
萨拉热窝大学,Europe,Bosnia and Herzegovina,,4.8,3.2,2.1,1314,1289,1334
西里西亚大学,Europe,Poland,,5,3.9,4.1,1320,1296,1337
南阿拉巴马大学,North America,United States,,5,5.6,6.7,1321,1297,1338
斯普利特大学,Europe,Croatia,,5.4,2.1,3.9,1326,1302,1340
德克萨斯大学艾尔帕索分校,North America,United States,,4.6,2.4,17.2,1331,1309,594
西波希米亚大学,Europe,Czech Republic,,5.7,1.8,4.4,1342,1325,1349
贝尔加莫大学,Europe,Italy,,4.7,2.4,5.2,1361,1345,1363
里昂第三大学,Europe,France,,7.9,4.5,2,1370,1360,1374
巴黎楠泰尔大学,Europe,France,,11.7,2.9,3.1,1373,1364,1378
卡昂大学,Europe,France,,8.2,2.2,4.3,1375,1367,1381
突尼斯大学,Africa,Tunisia,,4.9,1.2,1.8,1384,1380,1387
突尼斯萨尔瓦多马纳尔大学,Africa,Tunisia,,6.2,1.4,4.3,1385,1381,1388
俄斯特拉发技术大学,Europe,Czech Republic,,4.3,7.7,4,1388,1385,1391
Western Washington University ,North America,United States,,3.1,5.2,5.5,1404,1403,1408
耶尔穆克大学,Asia,Jordan,,10,11.8,2.3,1410,1409,1413
灵山大学,Asia,South Korea,,4.1,9.4,1.2,1417,1416,1418
元智大学,Asia,Taiwan,,4.6,5.9,12.8,1418,1417,1419
萨格吉奇大学,Africa,Egypt,,5,3.1,2.3,1419,1418,1420
Óbuda University,Europe,Hungary,,3.1,3.6,7.5,1422,1422,1422
Ataturk University,Asia,Turkey,,3.5,1.9,4,537,533,636
California State University - Long Beach College of Business Administration,North America,United States,,3.3,4.2,,586,578,676
切库罗瓦大学,Asia,Turkey,,3.4,2,2.5,624,610,703
大马士革大学,Asia,Syrian Arab Republic,,5.5,4.4,1.2,627,613,706
Erciyes大学,Asia,Turkey,,2.9,2,4.9,643,627,718
米纳斯吉拉斯州天主教大学,Latin America,Brazil,,3.7,4.6,1.5,871,842,924
萨卡里亚大学,Asia,Turkey,,2.9,3,3.1,909,880,963
苏丹科技大学,Africa,Sudan,,3.3,2.8,1.2,955,925,996
瓜达拉哈拉自治大学（UAG）,Latin America,Mexico,,5.8,6,,1025,994,1067
玻利维亚大学,Latin America,Bolivia,,4.1,4.8,1.1,1032,1002,1077
圣地亚哥瓜亚基尔天主教大学,Latin America,Ecuador,,3.4,7.5,1.2,1035,1005,1080
特木科天主教大学,Latin America,Chile,,3.1,1.4,4.1,1036,1006,1081
圣西蒙大学科恰班巴分校,Latin America,Bolivia,,3.6,3.3,1.2,1050,1015,1097
米却肯大学的圣尼古拉斯-德伊达尔戈分校,Latin America,Mexico,,3.4,2.3,2.1,1052,1017,1099
洪都拉斯国立自治大学（UNAH）,Latin America,Honduras,,4.6,5.8,1,1054,1019,1101
玻利瓦尔技术学院,Latin America,Colombia,,3,5.8,2.2,1081,1041,1135
德塔拉帕卡大学,Latin America,Chile,,3.3,3,6.3,1117,1072,1181
克拉约瓦大学,Europe,Romania,,3.3,1.8,2,1217,1180,1276
奥拉迪亚大学,Europe,Romania,,4,2.1,1.5,1291,1263,1318
穆罕默德大学 - 阿格达尔大学,Africa,Morocco,,2.8,2.6,3.6,1372,1363,1376
